id,homepage,beacon_url,beacon_found,n_urls,n_mrf,mrf_urls,notes,name
1,https://www.southerntnwinchester.com/,https://www.highpointhealthsystem.com/cms-hpt.txt,TRUE,5,4,https://www.highpointhealthsystem.com/docs/ahhighpointhealthlibraries/hcl/mrf2q2026/621762469_riverview-regional-medical-center_standardcharges.csv.zip | https://www.highpointhealthsystem.com/docs/ahhighpointhealthlibraries/hcl/mrf2q2026/621762535_strhs-winchester_standardcharges.csv | https://www.highpointhealthsystem.com/docs/ahhighpointhealthlibraries/hcl/mrf2q2026/272618766_sumner-regional-medical-center_standardcharges.csv.zip | https://www.highpointhealthsystem.com/docs/ahhighpointhealthlibraries/hcl/mrf2q2026/272618876_trousdale-medical-center_standardcharges.csv.zip,,SOUTHERN TENNESSEE MEDICAL CENTER LLC
2,https://www.cmhc.org/,https://www.cmhc.org/cms-hpt.txt,TRUE,4,3,https://www.cmhc.org/wp-content/uploads/2026/07/40195_CentralMaineMedicalCenter_StandardCharges.json | https://www.cmhc.org/wp-content/uploads/2026/04/40059_BridgtonHospital_StandardCharges.json | https://www.cmhc.org/wp-content/uploads/2026/04/40084_RumfordHospital_StandardCharges.json,,CENTRAL MAINE MEDICAL CENTER
3,https://adcare.com/,https://adcare.com/cms-hpt.txt,TRUE,2,1,https://admin.adcare.com/wp-content/uploads/2026/03/cms.csv,,"ADCARE HOSPITAL OF WORCESTER, INC"
4,https://www.capecodhealth.org/,,FALSE,0,0,,beacon not reachable at any candidate root,CAPE COD HOSPITAL INC
5,https://www.selectspecialtyhospitals.com/,https://www.selectspecialtyhospitals.com/cms-hpt.txt,TRUE,1,0,,"beacon found, no MRF-looking links",SELECT SPECIALTY HOSPITAL - SAVANNAH INC
6,https://www.unitypoint.org/,https://www.unitypoint.org/cms-hpt.txt,TRUE,28,12,"https://sthpiprd.blob.core.windows.net/machine-readable-files/7942/420698265_allen-memorial-hospital-corporation_standardcharges.csv | https://sthpiprd.blob.core.windows.net/machine-readable-files/7943/420680354_the-finley-hospital_standardcharges.csv | https://sthpiprd.blob.core.windows.net/machine-readable-files/7944/420933383_grinnell-regional-medical-center_standardcharges.csv | https://sthpiprd.blob.core.windows.net/machine-readable-files/7945/420680452-1356433049_central-iowa-hospital-corporation_standardcharges.csv | https://sthpiprd.blob.core.windows.net/machine-readable-files/7946/420680452-1396837951_central-iowa-hospital-corporation_standardcharges.csv | https://sthpiprd.blob.core.windows.net/machine-readable-files/7948/815034179_unitypoint-health-marshalltown_standardcharges.csv | https://sthpiprd.blob.core.windows.net/machine-readable-files/7949/390806367_meriter-hospital,-inc_standardcharges.csv | https://sthpiprd.blob.core.windows.net/machine-readable-files/7954/421019872_northwest-iowa-hospital-corporation_standardcharges.csv | https://sthpiprd.blob.core.windows.net/machine-readable-files/7956/362739299-1124110820_trinity-medical-center_standardcharges.csv | https://sthpiprd.blob.core.windows.net/machine-readable-files/7959/362739299-1316047632_trinity-medical-center_standardcharges.csv | https://sthpiprd.blob.core.windows.net/machine-readable-files/7958/420680337_unity-healthcare_standardcharges.csv | https://sthpiprd.blob.core.windows.net/machine-readable-files/7957/421009175_trinity-regional-medical-center_standardcharges.csv",,THE FINLEY HOSPITAL
7,https://www.chsli.org/,https://www.chsli.org/cms-hpt.txt,TRUE,7,6,https://mrfs.hyvehealthcare.com/CHSLI/111888924_good-samaritan-hospital_standardcharges.json | https://mrfs.hyvehealthcare.com/CHSLI/111635088_mercy-hospital_standardcharges.json | https://mrfs.hyvehealthcare.com/CHSLI/061562701_st-catherine-of-siena-hospital_standardcharges.json | https://mrfs.hyvehealthcare.com/CHSLI/111871039_st-charles-hospital_standardcharges.json | https://mrfs.hyvehealthcare.com/CHSLI/112050523_st-francis-hospital-&-heart-center_standardcharges.json | https://mrfs.hyvehealthcare.com/CHSLI/113438973_st-joseph-hospital_standardcharges.json,,ST CHARLES HOSPITAL
8,https://www.wregional.com/,https://www.wregional.com/cms-hpt.txt,TRUE,2,1,https://washingtonregionalmedicalcenter.pg.revenuemasters.com/cdm-files/710664687_washington-regional-medical-center_standardcharges.csv,,WASHINGTON REGIONAL MEDICAL CENTER
9,https://www.azspineandjoint.com/,https://www.azspineandjoint.com/cms-hpt.txt,TRUE,2,1,https://mrfs.hyvehealthcare.com/USPI/364399746_arizona-spine-and-joint-hospital_standardcharges.json,,ARIZONA SPINE AND JOINT HOSPITAL LLC
10,https://www.asante.org/,,FALSE,0,0,,beacon not reachable at any candidate root,ASANTE
11,https://www.selectspecialtyhospitals.com/,https://www.selectspecialtyhospitals.com/cms-hpt.txt,TRUE,1,0,,"beacon found, no MRF-looking links",SELECT SPECIALTY HOSPITAL - GULF COAST INC
12,https://www.tidelandshealth.org/,,FALSE,0,0,,beacon not reachable at any candidate root,WACCAMAW COMMUNITY HOSPITAL
13,https://www.slhduluth.com,https://www.slhduluth.com/cms-hpt.txt,TRUE,35,0,,"beacon found, no MRF-looking links",ST LUKES HOSPITAL OF DULUTH
14,https://www.selectspecialtyhospitals.com/,https://www.selectspecialtyhospitals.com/cms-hpt.txt,TRUE,1,0,,"beacon found, no MRF-looking links",SELECT SPECIALTY HOSPITAL - LEXINGTON INC
15,https://www.tricitymed.org/,https://www.tricitymed.org/cms-hpt.txt,TRUE,2,1,https://tricitymed.org/wp-content/uploads/2026/03/952126937_Tri-City-Medical-Center_standardcharges.csv,,TRI-CITY HOSPITAL
16,https://www.gfclinic.com/location/great-falls-clinic-hospital/,https://www.gfclinic.com/cms-hpt.txt,TRUE,2,0,,"beacon found, no MRF-looking links","CMSC, LLC"
17,https://www.ennisregional.com/,https://www.ennisregional.com/cms-hpt.txt,TRUE,2,0,,"beacon found, no MRF-looking links",PRHC ENNIS LP
18,https://www.harlingenmedicalcenter.com/,https://www.harlingenmedicalcenter.com/cms-hpt.txt,TRUE,2,1,https://harlingenmedicalcenter.com/wp-content/uploads/2026/04/562143518_HarlingenMedicalCenter_standardcharges.JSON,,HARLINGEN MEDICAL CENTER LIMITED PARTNERSHIP
19,https://www.glensfallshospital.org/,https://www.glensfallshospital.org/cms-hpt.txt,TRUE,153,0,,"beacon found, no MRF-looking links",GLENS FALLS HOSPITAL INC
20,https://www.selectspecialtyhospitals.com/,https://www.selectspecialtyhospitals.com/cms-hpt.txt,TRUE,1,0,,"beacon found, no MRF-looking links","SELECT SPECIALTY HOSPITAL - MILWAUKEE, INC."
21,https://www.valleychildrens.org/,https://www.valleychildrens.org/cms-hpt.txt,TRUE,2,0,,"beacon found, no MRF-looking links",VALLEY CHILDRENS HOSPITAL
22,https://www.maine.gov/dhhs/ddpc,,FALSE,0,0,,beacon not reachable at any candidate root,STATE OF MAINE
23,https://www.bswhealth.com/,https://www.bswhealth.com/cms-hpt.txt,TRUE,31,30,https://wadcdn.azureedge.net/bswhealth/com/siteassets/pricing-transparency/751837454_baylor-university-medical-center_standardcharges.csv | https://wadcdn.azureedge.net/bswhealth/com/siteassets/pricing-transparency/813040663_baylor-scott--white-medical-center--austin_standardcharges.csv | https://wadcdn.azureedge.net/bswhealth/com/siteassets/pricing-transparency/742519752_baylor-scott--white-medical-center--brenham_standardcharges.csv | https://wadcdn.azureedge.net/bswhealth/com/siteassets/pricing-transparency/813040663_baylor-scott--white-medical-center--buda_standardcharges.csv | https://wadcdn.azureedge.net/bswhealth/com/siteassets/pricing-transparency/824052186_baylor-scott--white-medical-center--centennial_standardcharges.csv | https://wadcdn.azureedge.net/bswhealth/com/siteassets/pricing-transparency/202850920_baylor-scott--white-continuing-care-hospital_standardcharges.csv | https://wadcdn.azureedge.net/bswhealth/com/siteassets/pricing-transparency/274434451_baylor-scott--white-medical-center--college-station_standardcharges.csv | https://wadcdn.azureedge.net/bswhealth/com/siteassets/pricing-transparency/203749695_baylor-scott--white-emergency-medical-center--cedar-park_standardcharges.csv | https://wadcdn.azureedge.net/bswhealth/com/siteassets/pricing-transparency/751008430_baylor-scott--white-all-saints-medical-center--fort-worth_standardcharges.csv | https://wadcdn.azureedge.net/bswhealth/com/siteassets/pricing-transparency/751777119_baylor-scott--white-medical-center--grapevine_standardcharges.csv | https://wadcdn.azureedge.net/bswhealth/com/siteassets/pricing-transparency/741161944_baylor-scott--white-medical-center--hillcrest_standardcharges.csv | https://wadcdn.azureedge.net/bswhealth/com/siteassets/pricing-transparency/752586857_baylor-scott--white-medical-center--irving_standardcharges.csv | https://wadcdn.azureedge.net/bswhealth/com/siteassets/pricing-transparency/260194016_baylor-scott--white-medical-center--lake-pointe_standardcharges.csv | https://wadcdn.azureedge.net/bswhealth/com/siteassets/pricing-transparency/203749695_baylor-scott--white-medical-center--lakeway_standardcharges.csv | https://wadcdn.azureedge.net/bswhealth/com/siteassets/pricing-transparency/464007700_baylor-scott--white-medical-center--marble-falls_standardcharges.csv | https://wadcdn.azureedge.net/bswhealth/com/siteassets/pricing-transparency/751037591_baylor-scott--white-medical-center--mckinney_standardcharges.csv | https://wadcdn.azureedge.net/bswhealth/com/siteassets/pricing-transparency/751037591_baylor-scott--white-medical-center--frisco-at-pga-parkway_standardcharges.csv | https://wadcdn.azureedge.net/bswhealth/com/siteassets/pricing-transparency/741166904_baylor-scott--white-mclane-childrens-medical-center_standardcharges.csv | https://wadcdn.azureedge.net/bswhealth/com/siteassets/pricing-transparency/741166904_baylor-scott--white-pavilion--temple_standardcharges.csv | https://wadcdn.azureedge.net/bswhealth/com/siteassets/pricing-transparency/813040663_baylor-scott--white-medical-center--pflugerville_standardcharges.csv | https://wadcdn.azureedge.net/bswhealth/com/siteassets/pricing-transparency/820551704_baylor-scott--white-medical-center--plano_standardcharges.csv | https://wadcdn.azureedge.net/bswhealth/com/siteassets/pricing-transparency/203749695_baylor-scott--white-medical-center--round-rock_standardcharges.csv | https://wadcdn.azureedge.net/bswhealth/com/siteassets/pricing-transparency/741595711_baylor-scott--white-medical-center--taylor_standardcharges.csv | https://wadcdn.azureedge.net/bswhealth/com/siteassets/pricing-transparency/741166904_baylor-scott--white-medical-center--temple_standardcharges.csv | https://wadcdn.azureedge.net/bswhealth/com/siteassets/pricing-transparency/263603862_baylor-scott--white-the-heart-hospital--denton_standardcharges.csv | https://wadcdn.azureedge.net/bswhealth/com/siteassets/pricing-transparency/412101361_baylor-scott--white-the-heart-hospital--mckinney_standardcharges.csv | https://wadcdn.azureedge.net/bswhealth/com/siteassets/pricing-transparency/412101361_baylor-scott--white-the-heart-hospital--plano_standardcharges.csv | https://wadcdn.azureedge.net/bswhealth/com/siteassets/pricing-transparency/751844139_baylor-scott--white-medical-center-at-waxahachie_standardcharges.csv | https://wadcdn.azureedge.net/bswhealth/com/siteassets/pricing-transparency/752834135_baylor-scott--white-heart-and-vascular-hospital--waxahachie_standardcharges.csv | https://wadcdn.azureedge.net/bswhealth/com/siteassets/pricing-transparency/752834135_baylor-scott--white-heart-and-vascular-hospital--dallas_standardcharges.csv,,BAYLOR UNIVERSITY MEDICAL CENTER
24,http://www.romehospital.org/,http://www.romehospital.org/cms-hpt.txt,TRUE,17,0,,"beacon found, no MRF-looking links","ROME MEMORIAL HOSPITAL, INC."
25,https://www.bswhealth.com/,https://www.bswhealth.com/cms-hpt.txt,TRUE,31,30,https://wadcdn.azureedge.net/bswhealth/com/siteassets/pricing-transparency/751837454_baylor-university-medical-center_standardcharges.csv | https://wadcdn.azureedge.net/bswhealth/com/siteassets/pricing-transparency/813040663_baylor-scott--white-medical-center--austin_standardcharges.csv | https://wadcdn.azureedge.net/bswhealth/com/siteassets/pricing-transparency/742519752_baylor-scott--white-medical-center--brenham_standardcharges.csv | https://wadcdn.azureedge.net/bswhealth/com/siteassets/pricing-transparency/813040663_baylor-scott--white-medical-center--buda_standardcharges.csv | https://wadcdn.azureedge.net/bswhealth/com/siteassets/pricing-transparency/824052186_baylor-scott--white-medical-center--centennial_standardcharges.csv | https://wadcdn.azureedge.net/bswhealth/com/siteassets/pricing-transparency/202850920_baylor-scott--white-continuing-care-hospital_standardcharges.csv | https://wadcdn.azureedge.net/bswhealth/com/siteassets/pricing-transparency/274434451_baylor-scott--white-medical-center--college-station_standardcharges.csv | https://wadcdn.azureedge.net/bswhealth/com/siteassets/pricing-transparency/203749695_baylor-scott--white-emergency-medical-center--cedar-park_standardcharges.csv | https://wadcdn.azureedge.net/bswhealth/com/siteassets/pricing-transparency/751008430_baylor-scott--white-all-saints-medical-center--fort-worth_standardcharges.csv | https://wadcdn.azureedge.net/bswhealth/com/siteassets/pricing-transparency/751777119_baylor-scott--white-medical-center--grapevine_standardcharges.csv | https://wadcdn.azureedge.net/bswhealth/com/siteassets/pricing-transparency/741161944_baylor-scott--white-medical-center--hillcrest_standardcharges.csv | https://wadcdn.azureedge.net/bswhealth/com/siteassets/pricing-transparency/752586857_baylor-scott--white-medical-center--irving_standardcharges.csv | https://wadcdn.azureedge.net/bswhealth/com/siteassets/pricing-transparency/260194016_baylor-scott--white-medical-center--lake-pointe_standardcharges.csv | https://wadcdn.azureedge.net/bswhealth/com/siteassets/pricing-transparency/203749695_baylor-scott--white-medical-center--lakeway_standardcharges.csv | https://wadcdn.azureedge.net/bswhealth/com/siteassets/pricing-transparency/464007700_baylor-scott--white-medical-center--marble-falls_standardcharges.csv | https://wadcdn.azureedge.net/bswhealth/com/siteassets/pricing-transparency/751037591_baylor-scott--white-medical-center--mckinney_standardcharges.csv | https://wadcdn.azureedge.net/bswhealth/com/siteassets/pricing-transparency/751037591_baylor-scott--white-medical-center--frisco-at-pga-parkway_standardcharges.csv | https://wadcdn.azureedge.net/bswhealth/com/siteassets/pricing-transparency/741166904_baylor-scott--white-mclane-childrens-medical-center_standardcharges.csv | https://wadcdn.azureedge.net/bswhealth/com/siteassets/pricing-transparency/741166904_baylor-scott--white-pavilion--temple_standardcharges.csv | https://wadcdn.azureedge.net/bswhealth/com/siteassets/pricing-transparency/813040663_baylor-scott--white-medical-center--pflugerville_standardcharges.csv | https://wadcdn.azureedge.net/bswhealth/com/siteassets/pricing-transparency/820551704_baylor-scott--white-medical-center--plano_standardcharges.csv | https://wadcdn.azureedge.net/bswhealth/com/siteassets/pricing-transparency/203749695_baylor-scott--white-medical-center--round-rock_standardcharges.csv | https://wadcdn.azureedge.net/bswhealth/com/siteassets/pricing-transparency/741595711_baylor-scott--white-medical-center--taylor_standardcharges.csv | https://wadcdn.azureedge.net/bswhealth/com/siteassets/pricing-transparency/741166904_baylor-scott--white-medical-center--temple_standardcharges.csv | https://wadcdn.azureedge.net/bswhealth/com/siteassets/pricing-transparency/263603862_baylor-scott--white-the-heart-hospital--denton_standardcharges.csv | https://wadcdn.azureedge.net/bswhealth/com/siteassets/pricing-transparency/412101361_baylor-scott--white-the-heart-hospital--mckinney_standardcharges.csv | https://wadcdn.azureedge.net/bswhealth/com/siteassets/pricing-transparency/412101361_baylor-scott--white-the-heart-hospital--plano_standardcharges.csv | https://wadcdn.azureedge.net/bswhealth/com/siteassets/pricing-transparency/751844139_baylor-scott--white-medical-center-at-waxahachie_standardcharges.csv | https://wadcdn.azureedge.net/bswhealth/com/siteassets/pricing-transparency/752834135_baylor-scott--white-heart-and-vascular-hospital--waxahachie_standardcharges.csv | https://wadcdn.azureedge.net/bswhealth/com/siteassets/pricing-transparency/752834135_baylor-scott--white-heart-and-vascular-hospital--dallas_standardcharges.csv,,BAYLOR REGIONAL MEDICAL CENTER AT GRAPEVINE
26,https://www.bswhealth.com/,https://www.bswhealth.com/cms-hpt.txt,TRUE,31,30,https://wadcdn.azureedge.net/bswhealth/com/siteassets/pricing-transparency/751837454_baylor-university-medical-center_standardcharges.csv | https://wadcdn.azureedge.net/bswhealth/com/siteassets/pricing-transparency/813040663_baylor-scott--white-medical-center--austin_standardcharges.csv | https://wadcdn.azureedge.net/bswhealth/com/siteassets/pricing-transparency/742519752_baylor-scott--white-medical-center--brenham_standardcharges.csv | https://wadcdn.azureedge.net/bswhealth/com/siteassets/pricing-transparency/813040663_baylor-scott--white-medical-center--buda_standardcharges.csv | https://wadcdn.azureedge.net/bswhealth/com/siteassets/pricing-transparency/824052186_baylor-scott--white-medical-center--centennial_standardcharges.csv | https://wadcdn.azureedge.net/bswhealth/com/siteassets/pricing-transparency/202850920_baylor-scott--white-continuing-care-hospital_standardcharges.csv | https://wadcdn.azureedge.net/bswhealth/com/siteassets/pricing-transparency/274434451_baylor-scott--white-medical-center--college-station_standardcharges.csv | https://wadcdn.azureedge.net/bswhealth/com/siteassets/pricing-transparency/203749695_baylor-scott--white-emergency-medical-center--cedar-park_standardcharges.csv | https://wadcdn.azureedge.net/bswhealth/com/siteassets/pricing-transparency/751008430_baylor-scott--white-all-saints-medical-center--fort-worth_standardcharges.csv | https://wadcdn.azureedge.net/bswhealth/com/siteassets/pricing-transparency/751777119_baylor-scott--white-medical-center--grapevine_standardcharges.csv | https://wadcdn.azureedge.net/bswhealth/com/siteassets/pricing-transparency/741161944_baylor-scott--white-medical-center--hillcrest_standardcharges.csv | https://wadcdn.azureedge.net/bswhealth/com/siteassets/pricing-transparency/752586857_baylor-scott--white-medical-center--irving_standardcharges.csv | https://wadcdn.azureedge.net/bswhealth/com/siteassets/pricing-transparency/260194016_baylor-scott--white-medical-center--lake-pointe_standardcharges.csv | https://wadcdn.azureedge.net/bswhealth/com/siteassets/pricing-transparency/203749695_baylor-scott--white-medical-center--lakeway_standardcharges.csv | https://wadcdn.azureedge.net/bswhealth/com/siteassets/pricing-transparency/464007700_baylor-scott--white-medical-center--marble-falls_standardcharges.csv | https://wadcdn.azureedge.net/bswhealth/com/siteassets/pricing-transparency/751037591_baylor-scott--white-medical-center--mckinney_standardcharges.csv | https://wadcdn.azureedge.net/bswhealth/com/siteassets/pricing-transparency/751037591_baylor-scott--white-medical-center--frisco-at-pga-parkway_standardcharges.csv | https://wadcdn.azureedge.net/bswhealth/com/siteassets/pricing-transparency/741166904_baylor-scott--white-mclane-childrens-medical-center_standardcharges.csv | https://wadcdn.azureedge.net/bswhealth/com/siteassets/pricing-transparency/741166904_baylor-scott--white-pavilion--temple_standardcharges.csv | https://wadcdn.azureedge.net/bswhealth/com/siteassets/pricing-transparency/813040663_baylor-scott--white-medical-center--pflugerville_standardcharges.csv | https://wadcdn.azureedge.net/bswhealth/com/siteassets/pricing-transparency/820551704_baylor-scott--white-medical-center--plano_standardcharges.csv | https://wadcdn.azureedge.net/bswhealth/com/siteassets/pricing-transparency/203749695_baylor-scott--white-medical-center--round-rock_standardcharges.csv | https://wadcdn.azureedge.net/bswhealth/com/siteassets/pricing-transparency/741595711_baylor-scott--white-medical-center--taylor_standardcharges.csv | https://wadcdn.azureedge.net/bswhealth/com/siteassets/pricing-transparency/741166904_baylor-scott--white-medical-center--temple_standardcharges.csv | https://wadcdn.azureedge.net/bswhealth/com/siteassets/pricing-transparency/263603862_baylor-scott--white-the-heart-hospital--denton_standardcharges.csv | https://wadcdn.azureedge.net/bswhealth/com/siteassets/pricing-transparency/412101361_baylor-scott--white-the-heart-hospital--mckinney_standardcharges.csv | https://wadcdn.azureedge.net/bswhealth/com/siteassets/pricing-transparency/412101361_baylor-scott--white-the-heart-hospital--plano_standardcharges.csv | https://wadcdn.azureedge.net/bswhealth/com/siteassets/pricing-transparency/751844139_baylor-scott--white-medical-center-at-waxahachie_standardcharges.csv | https://wadcdn.azureedge.net/bswhealth/com/siteassets/pricing-transparency/752834135_baylor-scott--white-heart-and-vascular-hospital--waxahachie_standardcharges.csv | https://wadcdn.azureedge.net/bswhealth/com/siteassets/pricing-transparency/752834135_baylor-scott--white-heart-and-vascular-hospital--dallas_standardcharges.csv,,BAYLOR MEDICAL CENTER AT IRVING
27,https://www.bswhealth.com/,https://www.bswhealth.com/cms-hpt.txt,TRUE,31,30,https://wadcdn.azureedge.net/bswhealth/com/siteassets/pricing-transparency/751837454_baylor-university-medical-center_standardcharges.csv | https://wadcdn.azureedge.net/bswhealth/com/siteassets/pricing-transparency/813040663_baylor-scott--white-medical-center--austin_standardcharges.csv | https://wadcdn.azureedge.net/bswhealth/com/siteassets/pricing-transparency/742519752_baylor-scott--white-medical-center--brenham_standardcharges.csv | https://wadcdn.azureedge.net/bswhealth/com/siteassets/pricing-transparency/813040663_baylor-scott--white-medical-center--buda_standardcharges.csv | https://wadcdn.azureedge.net/bswhealth/com/siteassets/pricing-transparency/824052186_baylor-scott--white-medical-center--centennial_standardcharges.csv | https://wadcdn.azureedge.net/bswhealth/com/siteassets/pricing-transparency/202850920_baylor-scott--white-continuing-care-hospital_standardcharges.csv | https://wadcdn.azureedge.net/bswhealth/com/siteassets/pricing-transparency/274434451_baylor-scott--white-medical-center--college-station_standardcharges.csv | https://wadcdn.azureedge.net/bswhealth/com/siteassets/pricing-transparency/203749695_baylor-scott--white-emergency-medical-center--cedar-park_standardcharges.csv | https://wadcdn.azureedge.net/bswhealth/com/siteassets/pricing-transparency/751008430_baylor-scott--white-all-saints-medical-center--fort-worth_standardcharges.csv | https://wadcdn.azureedge.net/bswhealth/com/siteassets/pricing-transparency/751777119_baylor-scott--white-medical-center--grapevine_standardcharges.csv | https://wadcdn.azureedge.net/bswhealth/com/siteassets/pricing-transparency/741161944_baylor-scott--white-medical-center--hillcrest_standardcharges.csv | https://wadcdn.azureedge.net/bswhealth/com/siteassets/pricing-transparency/752586857_baylor-scott--white-medical-center--irving_standardcharges.csv | https://wadcdn.azureedge.net/bswhealth/com/siteassets/pricing-transparency/260194016_baylor-scott--white-medical-center--lake-pointe_standardcharges.csv | https://wadcdn.azureedge.net/bswhealth/com/siteassets/pricing-transparency/203749695_baylor-scott--white-medical-center--lakeway_standardcharges.csv | https://wadcdn.azureedge.net/bswhealth/com/siteassets/pricing-transparency/464007700_baylor-scott--white-medical-center--marble-falls_standardcharges.csv | https://wadcdn.azureedge.net/bswhealth/com/siteassets/pricing-transparency/751037591_baylor-scott--white-medical-center--mckinney_standardcharges.csv | https://wadcdn.azureedge.net/bswhealth/com/siteassets/pricing-transparency/751037591_baylor-scott--white-medical-center--frisco-at-pga-parkway_standardcharges.csv | https://wadcdn.azureedge.net/bswhealth/com/siteassets/pricing-transparency/741166904_baylor-scott--white-mclane-childrens-medical-center_standardcharges.csv | https://wadcdn.azureedge.net/bswhealth/com/siteassets/pricing-transparency/741166904_baylor-scott--white-pavilion--temple_standardcharges.csv | https://wadcdn.azureedge.net/bswhealth/com/siteassets/pricing-transparency/813040663_baylor-scott--white-medical-center--pflugerville_standardcharges.csv | https://wadcdn.azureedge.net/bswhealth/com/siteassets/pricing-transparency/820551704_baylor-scott--white-medical-center--plano_standardcharges.csv | https://wadcdn.azureedge.net/bswhealth/com/siteassets/pricing-transparency/203749695_baylor-scott--white-medical-center--round-rock_standardcharges.csv | https://wadcdn.azureedge.net/bswhealth/com/siteassets/pricing-transparency/741595711_baylor-scott--white-medical-center--taylor_standardcharges.csv | https://wadcdn.azureedge.net/bswhealth/com/siteassets/pricing-transparency/741166904_baylor-scott--white-medical-center--temple_standardcharges.csv | https://wadcdn.azureedge.net/bswhealth/com/siteassets/pricing-transparency/263603862_baylor-scott--white-the-heart-hospital--denton_standardcharges.csv | https://wadcdn.azureedge.net/bswhealth/com/siteassets/pricing-transparency/412101361_baylor-scott--white-the-heart-hospital--mckinney_standardcharges.csv | https://wadcdn.azureedge.net/bswhealth/com/siteassets/pricing-transparency/412101361_baylor-scott--white-the-heart-hospital--plano_standardcharges.csv | https://wadcdn.azureedge.net/bswhealth/com/siteassets/pricing-transparency/751844139_baylor-scott--white-medical-center-at-waxahachie_standardcharges.csv | https://wadcdn.azureedge.net/bswhealth/com/siteassets/pricing-transparency/752834135_baylor-scott--white-heart-and-vascular-hospital--waxahachie_standardcharges.csv | https://wadcdn.azureedge.net/bswhealth/com/siteassets/pricing-transparency/752834135_baylor-scott--white-heart-and-vascular-hospital--dallas_standardcharges.csv,,BAYLOR ALL SAINTS MEDICAL CENTER
28,https://www.avera.org/,,FALSE,0,0,,beacon not reachable at any candidate root,LAKES REGIONAL HEALTHCARE
29,https://www.avera.org/,,FALSE,0,0,,beacon not reachable at any candidate root,AVERA ST LUKES
30,https://encompasshealth.com/,https://encompasshealth.com/cms-hpt.txt,TRUE,370,185,https://edge.sitecorecloud.io/encompasshee178-encompasshed9db-prodb258-07da/media/Project/EncompassHealth/encompasshealth/Files/1-price-transparency/262652076_Encompass-Health-Rehabilitation-Hospital-of-Abilene_standardcharges.csv | https://edge.sitecorecloud.io/encompasshee178-encompasshed9db-prodb258-07da/media/Project/EncompassHealth/encompasshealth/Files/1-price-transparency/631011171_Encompass-Health-Rehabilitation-Hospital-of-Albuquerque_standardcharges.csv | https://edge.sitecorecloud.io/encompasshee178-encompasshed9db-prodb258-07da/media/Project/EncompassHealth/encompasshealth/Files/1-price-transparency/251659391_Encompass-Health-Rehabilitation-Hospital-of-Alexandria_standardcharges.csv | https://edge.sitecorecloud.io/encompasshee178-encompasshed9db-prodb258-07da/media/Project/EncompassHealth/encompasshealth/Files/1-price-transparency/452905189_Encompass-Health-Rehabilitation-Hospital-of-Altamonte-Springs_standardcharges.csv | https://edge.sitecorecloud.io/encompasshee178-encompasshed9db-prodb258-07da/media/Project/EncompassHealth/encompasshealth/Files/1-price-transparency/262198419_Encompass-Health-Rehabilitation-Hospital-of-Altoona_standardcharges.csv | https://edge.sitecorecloud.io/encompasshee178-encompasshed9db-prodb258-07da/media/Project/EncompassHealth/encompasshealth/Files/1-price-transparency/872420281_Rehabilitation-Hospital-of-Amarillo_standardcharges.csv | https://edge.sitecorecloud.io/encompasshee178-encompasshed9db-prodb258-07da/media/Project/EncompassHealth/encompasshealth/Files/1-price-transparency/943430783_AnMed-Health-Rehabilitation-Hospital_standardcharges.csv | https://edge.sitecorecloud.io/encompasshee178-encompasshed9db-prodb258-07da/media/Project/EncompassHealth/encompasshealth/Files/1-price-transparency/631184844_Encompass-Health-Rehabilitation-Hospital-of-Arlington_standardcharges.csv | https://edge.sitecorecloud.io/encompasshee178-encompasshed9db-prodb258-07da/media/Project/EncompassHealth/encompasshealth/Files/1-price-transparency/881987618_Rehabilitation-Hospital-of-Athens_standardcharges.csv | https://edge.sitecorecloud.io/encompasshee178-encompasshed9db-prodb258-07da/media/Project/EncompassHealth/encompasshealth/Files/1-price-transparency/853587868_Rehabilitation-Hospital-of-Atlanta_standardcharges.csv | https://edge.sitecorecloud.io/encompasshee178-encompasshed9db-prodb258-07da/media/Project/EncompassHealth/encompasshealth/Files/1-price-transparency/461318969_Rehabilitation-Hospital-of-Augusta_standardcharges.csv | https://edge.sitecorecloud.io/encompasshee178-encompasshed9db-prodb258-07da/media/Project/EncompassHealth/encompasshealth/Files/1-price-transparency/261408389_Encompass-Health-Rehabilitation-Hospital-of-Austin_standardcharges.csv | https://edge.sitecorecloud.io/encompasshee178-encompasshed9db-prodb258-07da/media/Project/EncompassHealth/encompasshealth/Files/1-price-transparency/631184845_Encompass-Health-Rehabilitation-Hospital-of-Bakersfield_standardcharges.csv | https://edge.sitecorecloud.io/encompasshee178-encompasshed9db-prodb258-07da/media/Project/EncompassHealth/encompasshealth/Files/1-price-transparency/811718775_Encompass-Health-Rehabilitation-Hospital-of-Bluffton_standardcharges.csv | https://edge.sitecorecloud.io/encompasshee178-encompasshed9db-prodb258-07da/media/Project/EncompassHealth/encompasshealth/Files/1-price-transparency/822257492_Rehabilitation-Hospital-of-Bowie_standardcharges.csv | https://edge.sitecorecloud.io/encompasshee178-encompasshed9db-prodb258-07da/media/Project/EncompassHealth/encompasshealth/Files/1-price-transparency/901015323_Encompass-Health-Rehabilitation-Hospital-of-Braintree_standardcharges.csv | https://edge.sitecorecloud.io/encompasshee178-encompasshed9db-prodb258-07da/media/Project/EncompassHealth/encompasshealth/Files/1-price-transparency/901015323_Encompass-Health-Rehabilitation-Hospital-of-Braintree-at-Framingham_standardcharges.csv | https://edge.sitecorecloud.io/encompasshee178-encompasshed9db-prodb258-07da/media/Project/EncompassHealth/encompasshealth/Files/1-price-transparency/550670907_Encompass-Health-Rehabilitation-Hospital-of-Morgantown-at-Bridgeport_standardcharges.csv | https://edge.sitecorecloud.io/encompasshee178-encompasshed9db-prodb258-07da/media/Project/EncompassHealth/encompasshealth/Files/1-price-transparency/205612001_Rehabilitation-Hospital-of-Bristol-a-joint-venture-of-Ballad-Health-and-Encompass-Health_standardcharges.csv | https://edge.sitecorecloud.io/encompasshee178-encompasshed9db-prodb258-07da/media/Project/EncompassHealth/encompasshealth/Files/1-price-transparency/474332576_St-John-Rehabilitation-Hospital-an-affiliate-of-Encompass-Health_standardcharges.csv | https://edge.sitecorecloud.io/encompasshee178-encompasshed9db-prodb258-07da/media/Project/EncompassHealth/encompasshealth/Files/1-price-transparency/852164241_Rehabilitation-Hospital-of-Cape-Coral_standardcharges.csv | https://edge.sitecorecloud.io/encompasshee178-encompasshed9db-prodb258-07da/media/Project/EncompassHealth/encompasshealth/Files/1-price-transparency/473054927_Cardinal-Hill-Rehabilitation-Hospital_standardcharges.csv | https://edge.sitecorecloud.io/encompasshee178-encompasshed9db-prodb258-07da/media/Project/EncompassHealth/encompasshealth/Files/1-price-transparency/570904886_MUSC-Health-Rehabilitation-Hospital-an-affiliate-of-Encompass-Health_standardcharges.csv | https://edge.sitecorecloud.io/encompasshee178-encompasshed9db-prodb258-07da/media/Project/EncompassHealth/encompasshealth/Files/1-price-transparency/621178229_Encompass-Health-Rehabilitation-Hospital-of-Chattanooga_standardcharges.csv | https://edge.sitecorecloud.io/encompasshee178-encompasshed9db-prodb258-07da/media/Project/EncompassHealth/encompasshealth/Files/1-price-transparency/475501500_CHI-St-Joseph-Health-Rehabilitation-Hospital-an-affiliate-of-Encompass-Health_standardcharges.csv | https://edge.sitecorecloud.io/encompasshee178-encompasshed9db-prodb258-07da/media/Project/EncompassHealth/encompasshealth/Files/1-price-transparency/251652121_CHI-St-Vincent-Sherwood-Rehabilitation-Hospital-a-partner-of-Encompass-Health_standardcharges.csv | https://edge.sitecorecloud.io/encompasshee178-encompasshed9db-prodb258-07da/media/Project/EncompassHealth/encompasshealth/Files/1-price-transparency/251675784_Christus-Trinity-Mother-Frances-Rehabilitation-Hospital-a-partner-of-Encompass-Health_standardcharges.csv | https://www.encompasshealth.com/cdn/Files/1-price-transparency/451441844_Encompass-Health-Rehabilitation-Hospital-of-Cincinnati_standardcharges.csv | https://edge.sitecorecloud.io/encompasshee178-encompasshed9db-prodb258-07da/media/Project/EncompassHealth/encompasshealth/Files/1-price-transparency/273308405_Encompass-Health-Rehabilitation-Hospital-of-Central-Florida_standardcharges.csv | https://edge.sitecorecloud.io/encompasshee178-encompasshed9db-prodb258-07da/media/Project/EncompassHealth/encompasshealth/Files/1-price-transparency/273308405_Encompass-Health-Rehabilitation-Hospital-of-Central-FloridaSumter-County_standardcharges.csv | https://edge.sitecorecloud.io/encompasshee178-encompasshed9db-prodb258-07da/media/Project/EncompassHealth/encompasshealth/Files/1-price-transparency/251587575_Encompass-Health-Rehabilitation-Hospital-of-City-View_standardcharges.csv | https://edge.sitecorecloud.io/encompasshee178-encompasshed9db-prodb258-07da/media/Project/EncompassHealth/encompasshealth/Files/1-price-transparency/852048497_Encompass-Health-Rehabilitation-Hospital-of-Clermont_standardcharges.csv | https://edge.sitecorecloud.io/encompasshee178-encompasshed9db-prodb258-07da/media/Project/EncompassHealth/encompasshealth/Files/1-price-transparency/251612420_Encompass-Health-Rehabilitation-Hospital-of-Colorado-Springs_standardcharges.csv | https://edge.sitecorecloud.io/encompasshee178-encompasshed9db-prodb258-07da/media/Project/EncompassHealth/encompasshealth/Files/1-price-transparency/630974715_Encompass-Health-Rehabilitation-Hospital-of-Columbia_standardcharges.csv | https://edge.sitecorecloud.io/encompasshee178-encompasshed9db-prodb258-07da/media/Project/EncompassHealth/encompasshealth/Files/1-price-transparency/853555662_Rehabilitation-Hospital-of-Columbus_standardcharges.csv | https://edge.sitecorecloud.io/encompasshee178-encompasshed9db-prodb258-07da/media/Project/EncompassHealth/encompasshealth/Files/1-price-transparency/631102594_Encompass-Health-Rehabilitation-Hospital-of-Concord_standardcharges.csv | https://edge.sitecorecloud.io/encompasshee178-encompasshed9db-prodb258-07da/media/Project/EncompassHealth/encompasshealth/Files/1-price-transparency/932117695_Encompass-Health-Rehabilitation-Hospital-of-Concordville_standardcharges.csv | https://edge.sitecorecloud.io/encompasshee178-encompasshed9db-prodb258-07da/media/Project/EncompassHealth/encompasshealth/Files/1-price-transparency/465003520_Encompass-Health-Rehabilitation-Hospital-of-Cumming_standardcharges.csv | https://edge.sitecorecloud.io/encompasshee178-encompasshed9db-prodb258-07da/media/Project/EncompassHealth/encompasshealth/Files/1-price-transparency/273444511_Encompass-Health-Rehabilitation-Hospital-of-Cypress_standardcharges.csv | https://edge.sitecorecloud.io/encompasshee178-encompasshed9db-prodb258-07da/media/Project/EncompassHealth/encompasshealth/Files/1-price-transparency/262934144_Encompass-Health-Rehabilitation-Hospital-of-Dallas_standardcharges.csv | https://edge.sitecorecloud.io/encompasshee178-encompasshed9db-prodb258-07da/media/Project/EncompassHealth/encompasshealth/Files/1-price-transparency/851354552_Encompass-Health-Rehabilitation-Hospital-of-Danbury_standardcharges.csv | https://edge.sitecorecloud.io/encompasshee178-encompasshed9db-prodb258-07da/media/Project/EncompassHealth/encompasshealth/Files/1-price-transparency/270844718_The-Rehabilitation-Institute-of-Ohio-a-Joint-Venture-between-Premier-Health-and-Encompass-Health_standardcharges.csv | https://edge.sitecorecloud.io/encompasshee178-encompasshed9db-prodb258-07da/media/Project/EncompassHealth/encompasshealth/Files/1-price-transparency/883894942_Encompass-Health-Rehabilitation-Hospital-of-Daytona-Beach_standardcharges.csv | https://edge.sitecorecloud.io/encompasshee178-encompasshed9db-prodb258-07da/media/Project/EncompassHealth/encompasshealth/Files/1-price-transparency/721375246_Encompass-Health-Deaconess-Rehabilitation-Hospital_standardcharges.csv | https://edge.sitecorecloud.io/encompasshee178-encompasshed9db-prodb258-07da/media/Project/EncompassHealth/encompasshealth/Files/1-price-transparency/721375246_Deaconess-Downtown-Encompass-Health-Deaconess-Rehabilitation-Hospital_standardcharges.csv | https://edge.sitecorecloud.io/encompasshee178-encompasshed9db-prodb258-07da/media/Project/EncompassHealth/encompasshealth/Files/1-price-transparency/272457834_Encompass-Health-Rehabilitation-Hospital-of-Desert-Canyon_standardcharges.csv | https://edge.sitecorecloud.io/encompasshee178-encompasshed9db-prodb258-07da/media/Project/EncompassHealth/encompasshealth/Files/1-price-transparency/631097851_Encompass-Health-Rehabilitation-Hospital-of-Dothan_standardcharges.csv | https://edge.sitecorecloud.io/encompasshee178-encompasshed9db-prodb258-07da/media/Project/EncompassHealth/encompasshealth/Files/1-price-transparency/262942698_Encompass-Health-Rehabilitation-Hospital-of-East-Valley_standardcharges.csv | https://edge.sitecorecloud.io/encompasshee178-encompasshed9db-prodb258-07da/media/Project/EncompassHealth/encompasshealth/Files/1-price-transparency/631105904_Encompass-Health-Rehabilitation-Hospital-of-Erie_standardcharges.csv | https://edge.sitecorecloud.io/encompasshee178-encompasshed9db-prodb258-07da/media/Project/EncompassHealth/encompasshealth/Files/1-price-transparency/042948290_Fairlawn-Rehabilitation-Hospital_standardcharges.csv | https://edge.sitecorecloud.io/encompasshee178-encompasshed9db-prodb258-07da/media/Project/EncompassHealth/encompasshealth/Files/1-price-transparency/862918445_Encompass-Health-Rehabilitation-Hospital-of-Fitchburg_standardcharges.csv | https://edge.sitecorecloud.io/encompasshee178-encompasshed9db-prodb258-07da/media/Project/EncompassHealth/encompasshealth/Files/1-price-transparency/570775688_Encompass-Health-Rehabilitation-Hospital-of-Florence_standardcharges.csv | https://edge.sitecorecloud.io/encompasshee178-encompasshed9db-prodb258-07da/media/Project/EncompassHealth/encompasshealth/Files/1-price-transparency/851311484_Encompass-Health-Rehabilitation-Hospital-of-Fort-Mill_standardcharges.csv | https://edge.sitecorecloud.io/encompasshee178-encompasshed9db-prodb258-07da/media/Project/EncompassHealth/encompasshealth/Files/1-price-transparency/854286104_Rehabilitation-Hospital-of-Fort-Myers_standardcharges.csv | https://edge.sitecorecloud.io/encompasshee178-encompasshed9db-prodb258-07da/media/Project/EncompassHealth/encompasshealth/Files/1-price-transparency/631105919_Encompass-Health-Rehabilitation-Hospital-of-Fort-Smith_standardcharges.csv | https://edge.sitecorecloud.io/encompasshee178-encompasshed9db-prodb258-07da/media/Project/EncompassHealth/encompasshealth/Files/1-price-transparency/274344918_Encompass-Health-Rehabilitation-Hospital-of-Franklin_standardcharges.csv | https://edge.sitecorecloud.io/encompasshee178-encompasshed9db-prodb258-07da/media/Project/EncompassHealth/encompasshealth/Files/1-price-transparency/200949793_Encompass-Health-Rehabilitation-Hospital-of-Fredericksburg_standardcharges.csv | https://edge.sitecorecloud.io/encompasshee178-encompasshed9db-prodb258-07da/media/Project/EncompassHealth/encompasshealth/Files/1-price-transparency/274000610_Encompass-Health-Rehabilitation-Hospital-of-Gadsden_standardcharges.csv | https://edge.sitecorecloud.io/encompasshee178-encompasshed9db-prodb258-07da/media/Project/EncompassHealth/encompasshealth/Files/1-price-transparency/721398803_Geisinger-Encompass-Health-Rehabilitation-Hospital_standardcharges.csv | https://edge.sitecorecloud.io/encompasshee178-encompasshed9db-prodb258-07da/media/Project/EncompassHealth/encompasshealth/Files/1-price-transparency/870885335_Altru-Rehabilitation-Hospital_standardcharges.csv | https://edge.sitecorecloud.io/encompasshee178-encompasshed9db-prodb258-07da/media/Project/EncompassHealth/encompasshealth/Files/1-price-transparency/833672761_Encompass-Health-Rehabilitation-Hospital-of-Greenville_standardcharges.csv | https://edge.sitecorecloud.io/encompasshee178-encompasshed9db-prodb258-07da/media/Project/EncompassHealth/encompasshealth/Files/1-price-transparency/814331986_Encompass-Health-Rehabilitation-Hospital-a-partner-of-Memorial-Hospital-at-Gulfport_standardcharges.csv | https://edge.sitecorecloud.io/encompasshee178-encompasshed9db-prodb258-07da/media/Project/EncompassHealth/encompasshealth/Files/1-price-transparency/521960506_Encompass-Health-Rehabilitation-Hospital-of-Harmarville_standardcharges.csv | https://edge.sitecorecloud.io/encompasshee178-encompasshed9db-prodb258-07da/media/Project/EncompassHealth/encompasshealth/Files/1-price-transparency/631262946_Encompass-Health-Rehabilitation-Hospital-of-Henderson_standardcharges.csv | https://edge.sitecorecloud.io/encompasshee178-encompasshed9db-prodb258-07da/media/Project/EncompassHealth/encompasshealth/Files/1-price-transparency/823168689_Rehabilitation-Hospital-of-Henry_standardcharges.csv | https://edge.sitecorecloud.io/encompasshee178-encompasshed9db-prodb258-07da/media/Project/EncompassHealth/encompasshealth/Files/1-price-transparency/882645917_Encompass-Health-Rehabilitation-Hospital-of-Houston-at-The-Medical-Center_standardcharges.csv | https://edge.sitecorecloud.io/encompasshee178-encompasshed9db-prodb258-07da/media/Project/EncompassHealth/encompasshealth/Files/1-price-transparency/464003807_Encompass-Health-Rehabilitation-Hospital-of-Humble_standardcharges.csv | https://edge.sitecorecloud.io/encompasshee178-encompasshed9db-prodb258-07da/media/Project/EncompassHealth/encompasshealth/Files/1-price-transparency/621178229_Encompass-Health-Rehabilitation-Hospital-of-Huntington_standardcharges.csv | https://edge.sitecorecloud.io/encompasshee178-encompasshed9db-prodb258-07da/media/Project/EncompassHealth/encompasshealth/Files/1-price-transparency/852358003_Encompass-Health-Rehabilitation-Hospital-of-Jacksonville_standardcharges.csv | https://edge.sitecorecloud.io/encompasshee178-encompasshed9db-prodb258-07da/media/Project/EncompassHealth/encompasshealth/Files/1-price-transparency/841754425_Encompass-Health-Rehabilitation-Hospital-of-Johnston_standardcharges.csv | https://edge.sitecorecloud.io/encompasshee178-encompasshed9db-prodb258-07da/media/Project/EncompassHealth/encompasshealth/Files/1-price-transparency/461429335_Encompass-Health-Rehabilitation-Hospital-of-Jonesboro_standardcharges.csv | https://edge.sitecorecloud.io/encompasshee178-encompasshed9db-prodb258-07da/media/Project/EncompassHealth/encompasshealth/Files/1-price-transparency/521535077_Kansas-Rehabilitation-Hospital-a-joint-venture-of-Encompass-Health-and-Stormont-Vail-Health_standardcharges.csv | https://edge.sitecorecloud.io/encompasshee178-encompasshed9db-prodb258-07da/media/Project/EncompassHealth/encompasshealth/Files/1-price-transparency/824549154_Encompass-Health-Rehabilitation-Hospital-of-Katy_standardcharges.csv | https://edge.sitecorecloud.io/encompasshee178-encompasshed9db-prodb258-07da/media/Project/EncompassHealth/encompasshealth/Files/1-price-transparency/631028003_Rehabilitation-Hospital-of-Kingsport-a-joint-venture-of-Ballad-Health-and-Encompass-Health_standardcharges.csv | https://edge.sitecorecloud.io/encompasshee178-encompasshed9db-prodb258-07da/media/Project/EncompassHealth/encompasshealth/Files/1-price-transparency/862462263_Encompass-Health-Rehabilitation-Hospital-of-Kissimmee_standardcharges.csv | https://edge.sitecorecloud.io/encompasshee178-encompasshed9db-prodb258-07da/media/Project/EncompassHealth/encompasshealth/Files/1-price-transparency/850874009_Patricia-Neal-Rehabilitation-Hospital_standardcharges.csv | https://edge.sitecorecloud.io/encompasshee178-encompasshed9db-prodb258-07da/media/Project/EncompassHealth/encompasshealth/Files/1-price-transparency/850874009_Patricia-Neal-Rehabilitation-Hospital-Fort-Sanders_standardcharges.csv | https://edge.sitecorecloud.io/encompasshee178-encompasshed9db-prodb258-07da/media/Project/EncompassHealth/encompasshealth/Files/1-price-transparency/851599538_Encompass-Health-Rehabilitation-Hospital-of-Lakeland_standardcharges.csv | https://edge.sitecorecloud.io/encompasshee178-encompasshed9db-prodb258-07da/media/Project/EncompassHealth/encompasshealth/Files/1-price-transparency/621178229_Encompass-Health-Lakeshore-Rehabilitation-Hospital_standardcharges.csv | https://edge.sitecorecloud.io/encompasshee178-encompasshed9db-prodb258-07da/media/Project/EncompassHealth/encompasshealth/Files/1-price-transparency/251573943_Encompass-Health-Rehabilitation-Hospital-of-Lakeview_standardcharges.csv | https://edge.sitecorecloud.io/encompasshee178-encompasshed9db-prodb258-07da/media/Project/EncompassHealth/encompasshealth/Files/1-price-transparency/871764834_Encompass-Health-Rehabilitation-Hospital-of-Lake-Worth_standardcharges.csv | https://edge.sitecorecloud.io/encompasshee178-encompasshed9db-prodb258-07da/media/Project/EncompassHealth/encompasshealth/Files/1-price-transparency/631134645_Encompass-Health-Rehabilitation-Hospital-of-Largo_standardcharges.csv | https://edge.sitecorecloud.io/encompasshee178-encompasshed9db-prodb258-07da/media/Project/EncompassHealth/encompasshealth/Files/1-price-transparency/251693810_Encompass-Health-Rehabilitation-Hospital-of-Las-Vegas_standardcharges.csv | https://edge.sitecorecloud.io/encompasshee178-encompasshed9db-prodb258-07da/media/Project/EncompassHealth/encompasshealth/Files/1-price-transparency/842352894_Encompass-Health-Rehabilitation-Institute-of-Libertyville_standardcharges.csv | https://edge.sitecorecloud.io/encompasshee178-encompasshed9db-prodb258-07da/media/Project/EncompassHealth/encompasshealth/Files/1-price-transparency/831877464_Encompass-Health-Rehabilitation-Hospital-of-Littleton_standardcharges.csv | https://edge.sitecorecloud.io/encompasshee178-encompasshed9db-prodb258-07da/media/Project/EncompassHealth/encompasshealth/Files/1-price-transparency/844618032_Baptist-Health-Rehabilitation-Hospital_standardcharges.csv | https://edge.sitecorecloud.io/encompasshee178-encompasshed9db-prodb258-07da/media/Project/EncompassHealth/encompasshealth/Files/1-price-transparency/201151662_Encompass-Health-Rehabilitation-Hospital-of-Manati_standardcharges.csv | https://edge.sitecorecloud.io/encompasshee178-encompasshed9db-prodb258-07da/media/Project/EncompassHealth/encompasshealth/Files/1-price-transparency/274895765_Encompass-Health-Rehabilitation-Hospital-an-affiliate-of-Martin-Health_standardcharges.csv | https://edge.sitecorecloud.io/encompasshee178-encompasshed9db-prodb258-07da/media/Project/EncompassHealth/encompasshealth/Files/1-price-transparency/631105923_Encompass-Health-Rehabilitation-Hospital-of-Mechanicsburg_standardcharges.csv | https://edge.sitecorecloud.io/encompasshee178-encompasshed9db-prodb258-07da/media/Project/EncompassHealth/encompasshealth/Files/1-price-transparency/631107459_Encompass-Health-Rehabilitation-Hospital-of-Memphis-a-partner-of-Methodist-Healthcare_standardcharges.csv | https://edge.sitecorecloud.io/encompasshee178-encompasshed9db-prodb258-07da/media/Project/EncompassHealth/encompasshealth/Files/1-price-transparency/275253818_Encompass-Health-Rehabilitation-Hospital-of-Miami_standardcharges.csv | https://edge.sitecorecloud.io/encompasshee178-encompasshed9db-prodb258-07da/media/Project/EncompassHealth/encompasshealth/Files/1-price-transparency/261408611_Encompass-Health-Rehabilitation-Hospital-of-the-MidCities_standardcharges.csv | https://edge.sitecorecloud.io/encompasshee178-encompasshed9db-prodb258-07da/media/Project/EncompassHealth/encompasshealth/Files/1-price-transparency/742491473_MidAmerica-Rehabilitation-Hospital_standardcharges.csv | https://edge.sitecorecloud.io/encompasshee178-encompasshed9db-prodb258-07da/media/Project/EncompassHealth/encompasshealth/Files/1-price-transparency/273463026_Encompass-Health-Rehabilitation-Hospital-of-Middletown_standardcharges.csv | https://edge.sitecorecloud.io/encompasshee178-encompasshed9db-prodb258-07da/media/Project/EncompassHealth/encompasshealth/Files/1-price-transparency/631105911_Encompass-Health-Rehabilitation-Hospital-of-Midland-Odessa_standardcharges.csv | https://edge.sitecorecloud.io/encompasshee178-encompasshed9db-prodb258-07da/media/Project/EncompassHealth/encompasshealth/Files/1-price-transparency/464417320_Encompass-Health-Rehabilitation-Hospital-of-Modesto_standardcharges.csv | https://edge.sitecorecloud.io/encompasshee178-encompasshed9db-prodb258-07da/media/Project/EncompassHealth/encompasshealth/Files/1-price-transparency/631106107_Encompass-Health-Rehabilitation-Hospital-of-Montgomery_standardcharges.csv | https://edge.sitecorecloud.io/encompasshee178-encompasshed9db-prodb258-07da/media/Project/EncompassHealth/encompasshealth/Files/1-price-transparency/550670907_Encompass-Health-Rehabilitation-Hospital-of-Morgantown_standardcharges.csv | https://www.encompasshealth.com/cdn/Files/1-price-transparency/474200156_Mount-Carmel-Rehabilitation-Hospital-an-affiliate-of-Encompass-Health_standardcharges.csv | https://edge.sitecorecloud.io/encompasshee178-encompasshed9db-prodb258-07da/media/Project/EncompassHealth/encompasshealth/Files/1-price-transparency/823473130_Encompass-Health-Rehabilitation-Hospital-of-Murrieta_standardcharges.csv | https://edge.sitecorecloud.io/encompasshee178-encompasshed9db-prodb258-07da/media/Project/EncompassHealth/encompasshealth/Files/1-price-transparency/851887489_Rehabilitation-Hospital-of-Naples_standardcharges.csv | https://edge.sitecorecloud.io/encompasshee178-encompasshed9db-prodb258-07da/media/Project/EncompassHealth/encompasshealth/Files/1-price-transparency/721371920_New-England-Rehabilitation-Hospital-of-Portland-a-Joint-Venture-of-Maine-Medical-Center-and-Encompass-Health_standardcharges.csv | https://edge.sitecorecloud.io/encompasshee178-encompasshed9db-prodb258-07da/media/Project/EncompassHealth/encompasshealth/Files/1-price-transparency/901015581_Encompass-Health-Rehabilitation-Hospital-of-New-England_standardcharges.csv | https://edge.sitecorecloud.io/encompasshee178-encompasshed9db-prodb258-07da/media/Project/EncompassHealth/encompasshealth/Files/1-price-transparency/901015581_Encompass-Health-Rehabilitation-Hospital-of-New-England-at-Beverly_standardcharges.csv | https://edge.sitecorecloud.io/encompasshee178-encompasshed9db-prodb258-07da/media/Project/EncompassHealth/encompasshealth/Files/1-price-transparency/901015581_Encompass-Health-Rehabilitation-Hospital-of-New-England-at-Lowell_standardcharges.csv | https://edge.sitecorecloud.io/encompasshee178-encompasshed9db-prodb258-07da/media/Project/EncompassHealth/encompasshealth/Files/1-price-transparency/273390540_Rehabilitation-Hospital-of-Newnan_standardcharges.csv | https://edge.sitecorecloud.io/encompasshee178-encompasshed9db-prodb258-07da/media/Project/EncompassHealth/encompasshealth/Files/1-price-transparency/631105924_Encompass-Health-Rehabilitation-Hospital-of-Nittany-Valley_standardcharges.csv | https://edge.sitecorecloud.io/encompasshee178-encompasshed9db-prodb258-07da/media/Project/EncompassHealth/encompasshealth/Files/1-price-transparency/371921725_Encompass-Health-Rehabilitation-Hospital-of-North-Alabama_standardcharges.csv | https://edge.sitecorecloud.io/encompasshee178-encompasshed9db-prodb258-07da/media/Project/EncompassHealth/encompasshealth/Files/1-price-transparency/631107459_Encompass-Health-Rehabilitation-Hospital-of-North-Memphis-a-partner-of-Methodist-Healthcare_standardcharges.csv | https://edge.sitecorecloud.io/encompasshee178-encompasshed9db-prodb258-07da/media/Project/EncompassHealth/encompasshealth/Files/1-price-transparency/815205937_Encompass-Health-Rehabilitation-Hospital-of-North-Tampa_standardcharges.csv | https://edge.sitecorecloud.io/encompasshee178-encompasshed9db-prodb258-07da/media/Project/EncompassHealth/encompasshealth/Files/1-price-transparency/631184835_Encompass-Health-Rehabilitation-Hospital-of-Northern-Kentucky_standardcharges.csv | https://edge.sitecorecloud.io/encompasshee178-encompasshed9db-prodb258-07da/media/Project/EncompassHealth/encompasshealth/Files/1-price-transparency/261159764_Encompass-Health-Rehabilitation-Hospital-of-Northern-Virginia_standardcharges.csv | https://edge.sitecorecloud.io/encompasshee178-encompasshed9db-prodb258-07da/media/Project/EncompassHealth/encompasshealth/Files/1-price-transparency/251654947_Encompass-Health-Rehabilitation-Hospital-of-Northwest-Tucson_standardcharges.csv | https://edge.sitecorecloud.io/encompasshee178-encompasshed9db-prodb258-07da/media/Project/EncompassHealth/encompasshealth/Files/1-price-transparency/813251045_Novant-Health-Rehabilitation-Hospital-an-affiliate-of-Encompass-Health_standardcharges.csv | https://edge.sitecorecloud.io/encompasshee178-encompasshed9db-prodb258-07da/media/Project/EncompassHealth/encompasshealth/Files/1-price-transparency/474332576_Ascension-St-John-Rehabilitation-Hospital-an-affiliate-of-Encompass-Health-Owasso_standardcharges.csv | https://edge.sitecorecloud.io/encompasshee178-encompasshed9db-prodb258-07da/media/Project/EncompassHealth/encompasshealth/Files/1-price-transparency/631119356_Encompass-Health-Rehabilitation-Hospital-of-Panama-City_standardcharges.csv | https://edge.sitecorecloud.io/encompasshee178-encompasshed9db-prodb258-07da/media/Project/EncompassHealth/encompasshealth/Files/1-price-transparency/232655290_Encompass-Health-Rehabilitation-Hospital-of-Parkersburg_standardcharges.csv | https://edge.sitecorecloud.io/encompasshee178-encompasshed9db-prodb258-07da/media/Project/EncompassHealth/encompasshealth/Files/1-price-transparency/811940348_Encompass-Health-Rehabilitation-Hospital-of-Pearland_standardcharges.csv | https://edge.sitecorecloud.io/encompasshee178-encompasshed9db-prodb258-07da/media/Project/EncompassHealth/encompasshealth/Files/1-price-transparency/822383902_Encompass-Health-Rehabilitation-Hospital-of-Pensacola_standardcharges.csv | https://edge.sitecorecloud.io/encompasshee178-encompasshed9db-prodb258-07da/media/Project/EncompassHealth/encompasshealth/Files/1-price-transparency/200948362_Encompass-Health-Rehabilitation-Hospital-of-Petersburg_standardcharges.csv | https://edge.sitecorecloud.io/encompasshee178-encompasshed9db-prodb258-07da/media/Project/EncompassHealth/encompasshealth/Files/1-price-transparency/631280233_Rehabilitation-Hospital-of-Phenix-City_standardcharges.csv | https://edge.sitecorecloud.io/encompasshee178-encompasshed9db-prodb258-07da/media/Project/EncompassHealth/encompasshealth/Files/1-price-transparency/251661222_Encompass-Health-Rehabilitation-Hospital-of-Plano_standardcharges.csv | https://edge.sitecorecloud.io/encompasshee178-encompasshed9db-prodb258-07da/media/Project/EncompassHealth/encompasshealth/Files/1-price-transparency/232655290_Encompass-Health-Rehabilitation-Hospital-of-Princeton_standardcharges.csv | https://edge.sitecorecloud.io/encompasshee178-encompasshed9db-prodb258-07da/media/Project/EncompassHealth/encompasshealth/Files/1-price-transparency/862964873_Encompass-Health-Rehabilitation-Hospital-of-Prosper_standardcharges.csv | https://edge.sitecorecloud.io/encompasshee178-encompasshed9db-prodb258-07da/media/Project/EncompassHealth/encompasshealth/Files/1-price-transparency/843864099_The-Quad-Cities-Rehabilitation-Institute_standardcharges.csv | https://edge.sitecorecloud.io/encompasshee178-encompasshed9db-prodb258-07da/media/Project/EncompassHealth/encompasshealth/Files/1-price-transparency/465144209_Quillen-Rehabilitation-Hospital-a-joint-venture-of-Ballad-Health-and-Encompass-Health_standardcharges.csv | https://edge.sitecorecloud.io/encompasshee178-encompasshed9db-prodb258-07da/media/Project/EncompassHealth/encompasshealth/Files/1-price-transparency/721397929_Encompass-Health-Rehabilitation-Hospital-of-Reading_standardcharges.csv | https://edge.sitecorecloud.io/encompasshee178-encompasshed9db-prodb258-07da/media/Project/EncompassHealth/encompasshealth/Files/1-price-transparency/631254288_The-Rehabilitation-Institute-of-St-Louis-an-affiliation-of-BJC-HealthCare-and-Encompass-Health_standardcharges.csv | https://edge.sitecorecloud.io/encompasshee178-encompasshed9db-prodb258-07da/media/Project/EncompassHealth/encompasshealth/Files/1-price-transparency/205315890_Encompass-Health-Rehabilitation-Hospital-of-Richardson_standardcharges.csv | https://edge.sitecorecloud.io/encompasshee178-encompasshed9db-prodb258-07da/media/Project/EncompassHealth/encompasshealth/Files/1-price-transparency/232655290_Encompass-Health-Rehabilitation-Hospital-of-Richmond_standardcharges.csv | https://edge.sitecorecloud.io/encompasshee178-encompasshed9db-prodb258-07da/media/Project/EncompassHealth/encompasshealth/Files/1-price-transparency/571071353_Encompass-Health-Rehabilitation-Hospital-of-Rock-Hill_standardcharges.csv | https://edge.sitecorecloud.io/encompasshee178-encompasshed9db-prodb258-07da/media/Project/EncompassHealth/encompasshealth/Files/1-price-transparency/208038733_Encompass-Health-Rehabilitation-Hospital-of-Round-Rock_standardcharges.csv | https://edge.sitecorecloud.io/encompasshee178-encompasshed9db-prodb258-07da/media/Project/EncompassHealth/encompasshealth/Files/1-price-transparency/721349747_Rusk-Rehabilitation-Hospital-an-affiliation-of-Encompass-Health-and-MU-Health-Care_standardcharges.csv | https://edge.sitecorecloud.io/encompasshee178-encompasshed9db-prodb258-07da/media/Project/EncompassHealth/encompasshealth/Files/1-price-transparency/232655290_Encompass-Health-Rehabilitation-Hospital-of-Salisbury_standardcharges.csv | https://edge.sitecorecloud.io/encompasshee178-encompasshed9db-prodb258-07da/media/Project/EncompassHealth/encompasshealth/Files/1-price-transparency/631105930_Encompass-Health-Rehabilitation-Hospital-of-San-Antonio_standardcharges.csv | https://edge.sitecorecloud.io/encompasshee178-encompasshed9db-prodb258-07da/media/Project/EncompassHealth/encompasshealth/Files/1-price-transparency/460977422_Encompass-Health-Rehabilitation-Hospital-of-San-Juan_standardcharges.csv | https://edge.sitecorecloud.io/encompasshee178-encompasshed9db-prodb258-07da/media/Project/EncompassHealth/encompasshealth/Files/1-price-transparency/631134650_Encompass-Health-Rehabilitation-Hospital-of-Sarasota_standardcharges.csv | https://edge.sitecorecloud.io/encompasshee178-encompasshed9db-prodb258-07da/media/Project/EncompassHealth/encompasshealth/Files/1-price-transparency/471281407_Encompass-Health-Rehabilitation-Hospital-of-Savannah_standardcharges.csv | https://edge.sitecorecloud.io/encompasshee178-encompasshed9db-prodb258-07da/media/Project/EncompassHealth/encompasshealth/Files/1-price-transparency/631184846_Encompass-Health-Rehabilitation-Hospital-of-Scottsdale_standardcharges.csv | https://edge.sitecorecloud.io/encompasshee178-encompasshed9db-prodb258-07da/media/Project/EncompassHealth/encompasshealth/Files/1-price-transparency/631134647_Sea-Pines-Rehabilitation-Hospital-an-affiliate-of-Encompass-Health_standardcharges.csv | https://edge.sitecorecloud.io/encompasshee178-encompasshed9db-prodb258-07da/media/Project/EncompassHealth/encompasshealth/Files/1-price-transparency/631227351_Encompass-Health-Rehabilitation-Hospital-of-Sewickley_standardcharges.csv | https://edge.sitecorecloud.io/encompasshee178-encompasshed9db-prodb258-07da/media/Project/EncompassHealth/encompasshealth/Files/1-price-transparency/843211164_Shannon-Rehabilitation-Hospital-an-affiliate-of-Encompass-Health_standardcharges.csv | https://edge.sitecorecloud.io/encompasshee178-encompasshed9db-prodb258-07da/media/Project/EncompassHealth/encompasshealth/Files/1-price-transparency/270275705_Encompass-Health-Rehabilitation-Hospital-of-Shelby-County_standardcharges.csv | https://edge.sitecorecloud.io/encompasshee178-encompasshed9db-prodb258-07da/media/Project/EncompassHealth/encompasshealth/Files/1-price-transparency/834553991_The-Rehabilitation-Institute-of-Southern-Illinois_standardcharges.csv | https://edge.sitecorecloud.io/encompasshee178-encompasshed9db-prodb258-07da/media/Project/EncompassHealth/encompasshealth/Files/1-price-transparency/844765362_Encompass-Health-Rehabilitation-Hospital-of-Shreveport_standardcharges.csv | https://edge.sitecorecloud.io/encompasshee178-encompasshed9db-prodb258-07da/media/Project/EncompassHealth/encompasshealth/Files/1-price-transparency/832549368_Encompass-Health-Rehabilitation-Hospital-of-Sioux-Falls_standardcharges.csv | https://edge.sitecorecloud.io/encompasshee178-encompasshed9db-prodb258-07da/media/Project/EncompassHealth/encompasshealth/Files/1-price-transparency/823034309_South-Plains-Rehabilitation-Hospital-an-affiliate-of-UMC-and-Encompass-Health_standardcharges.csv | https://edge.sitecorecloud.io/encompasshee178-encompasshed9db-prodb258-07da/media/Project/EncompassHealth/encompasshealth/Files/1-price-transparency/631244181_Encompass-Health-Rehabilitation-Hospital-of-Spring-Hill_standardcharges.csv | https://edge.sitecorecloud.io/encompasshee178-encompasshed9db-prodb258-07da/media/Project/EncompassHealth/encompasshealth/Files/1-price-transparency/824272202_Saint-Alphonsus-Regional-Rehabilitation-Hospital-an-affiliate-of-Encompass-Health_standardcharges.csv | https://edge.sitecorecloud.io/encompasshee178-encompasshed9db-prodb258-07da/media/Project/EncompassHealth/encompasshealth/Files/1-price-transparency/851559447_Encompass-Health-Rehabilitation-Hospital-of-St-Augustine_standardcharges.csv | https://edge.sitecorecloud.io/encompasshee178-encompasshed9db-prodb258-07da/media/Project/EncompassHealth/encompasshealth/Files/1-price-transparency/631254288_St-Peters-IRF-Location-The-Rehabilitation-Institute-of-St-Louis-an-affiliation-of-BJC-HealthCare-and-Encompass-Health_standardcharges.csv | https://edge.sitecorecloud.io/encompasshee178-encompasshed9db-prodb258-07da/media/Project/EncompassHealth/encompasshealth/Files/1-price-transparency/631254288_The-Rehabilitation-Institute-of-St-Louis-West-County_standardcharges.csv | https://edge.sitecorecloud.io/encompasshee178-encompasshed9db-prodb258-07da/media/Project/EncompassHealth/encompasshealth/Files/1-price-transparency/873073937_Encompass-Health-Rehabilitation-Hospital-of-St-Petersburg_standardcharges.csv | https://edge.sitecorecloud.io/encompasshee178-encompasshed9db-prodb258-07da/media/Project/EncompassHealth/encompasshealth/Files/1-price-transparency/251652121_CHI-St-Vincent-Hot-Springs-Rehabilitation-Hospital-a-partner-of-Encompass-Health_standardcharges.csv | https://edge.sitecorecloud.io/encompasshee178-encompasshed9db-prodb258-07da/media/Project/EncompassHealth/encompasshealth/Files/1-price-transparency/272810882_Encompass-Health-Rehabilitation-Hospital-of-Sugar-Land_standardcharges.csv | https://edge.sitecorecloud.io/encompasshee178-encompasshed9db-prodb258-07da/media/Project/EncompassHealth/encompasshealth/Files/1-price-transparency/631134714_Encompass-Health-Rehabilitation-Hospital-of-Sunrise_standardcharges.csv | https://edge.sitecorecloud.io/encompasshee178-encompasshed9db-prodb258-07da/media/Project/EncompassHealth/encompasshealth/Files/1-price-transparency/631134713_Encompass-Health-Rehabilitation-Hospital-of-Tallahassee_standardcharges.csv | https://edge.sitecorecloud.io/encompasshee178-encompasshed9db-prodb258-07da/media/Project/EncompassHealth/encompasshealth/Files/1-price-transparency/631105916_Encompass-Health-Rehabilitation-Hospital-of-Texarkana_standardcharges.csv | https://edge.sitecorecloud.io/encompasshee178-encompasshed9db-prodb258-07da/media/Project/EncompassHealth/encompasshealth/Files/1-price-transparency/270941690_Encompass-Health-Rehabilitation-Hospital-The-Vintage_standardcharges.csv | https://edge.sitecorecloud.io/encompasshee178-encompasshed9db-prodb258-07da/media/Project/EncompassHealth/encompasshealth/Files/1-price-transparency/631105909_Encompass-Health-Rehabilitation-Hospital-of-The-Woodlands_standardcharges.csv | https://edge.sitecorecloud.io/encompasshee178-encompasshed9db-prodb258-07da/media/Project/EncompassHealth/encompasshealth/Files/1-price-transparency/812585212_Little-River-Tidelands-Health-Rehabilitation-Hospital-an-affiliate-of-Encompass-Health_standardcharges.csv | https://edge.sitecorecloud.io/encompasshee178-encompasshed9db-prodb258-07da/media/Project/EncompassHealth/encompasshealth/Files/1-price-transparency/812585212_Tidelands-Health-Rehabilitation-Hospital-an-affiliate-of-Encompass-Health_standardcharges.csv | https://edge.sitecorecloud.io/encompasshee178-encompasshed9db-prodb258-07da/media/Project/EncompassHealth/encompasshealth/Files/1-price-transparency/631254173_Encompass-Health-Rehabilitation-Hospital-of-Tinton-Falls-a-Joint-Venture-with-Monmouth-Medical-Center_standardcharges.csv | https://edge.sitecorecloud.io/encompasshee178-encompasshed9db-prodb258-07da/media/Project/EncompassHealth/encompasshealth/Files/1-price-transparency/843719357_Encompass-Health-Rehabilitation-Hospital-of-Toledo_standardcharges.csv | https://edge.sitecorecloud.io/encompasshee178-encompasshed9db-prodb258-07da/media/Project/EncompassHealth/encompasshealth/Files/1-price-transparency/631105897_Encompass-Health-Rehabilitation-Hospital-of-Toms-River_standardcharges.csv | https://edge.sitecorecloud.io/encompasshee178-encompasshed9db-prodb258-07da/media/Project/EncompassHealth/encompasshealth/Files/1-price-transparency/631105921_Encompass-Health-Rehabilitation-Hospital-of-Treasure-Coast_standardcharges.csv | https://edge.sitecorecloud.io/encompasshee178-encompasshed9db-prodb258-07da/media/Project/EncompassHealth/encompasshealth/Files/1-price-transparency/631184847_Encompass-Health-Rehabilitation-Institute-of-Tucson_standardcharges.csv | https://edge.sitecorecloud.io/encompasshee178-encompasshed9db-prodb258-07da/media/Project/EncompassHealth/encompasshealth/Files/1-price-transparency/330695017_Encompass-Health-Rehabilitation-Hospital-of-Tustin_standardcharges.csv | https://edge.sitecorecloud.io/encompasshee178-encompasshed9db-prodb258-07da/media/Project/EncompassHealth/encompasshealth/Files/1-price-transparency/831261306_University-of-Iowa-Health-Network-Rehabilitation-Hospital-a-venture-with-Encompass-Health_standardcharges.csv | https://edge.sitecorecloud.io/encompasshee178-encompasshed9db-prodb258-07da/media/Project/EncompassHealth/encompasshealth/Files/1-price-transparency/631105917_Encompass-Health-Rehabilitation-Hospital-of-Utah_standardcharges.csv | https://edge.sitecorecloud.io/encompasshee178-encompasshed9db-prodb258-07da/media/Project/EncompassHealth/encompasshealth/Files/1-price-transparency/721397571_UVA-Encompass-Health-Rehabilitation-Hospital_standardcharges.csv | https://edge.sitecorecloud.io/encompasshee178-encompasshed9db-prodb258-07da/media/Project/EncompassHealth/encompasshealth/Files/1-price-transparency/631184848_Encompass-Health-Valley-of-The-Sun-Rehabilitation-Hospital_standardcharges.csv | https://edge.sitecorecloud.io/encompasshee178-encompasshed9db-prodb258-07da/media/Project/EncompassHealth/encompasshealth/Files/1-price-transparency/364397130_Van-Matre-Encompass-Health-Rehabilitation-Institute_standardcharges.csv | https://edge.sitecorecloud.io/encompasshee178-encompasshed9db-prodb258-07da/media/Project/EncompassHealth/encompasshealth/Files/1-price-transparency/631077470_Vanderbilt-Stallworth-Rehabilitation-Hospital_standardcharges.csv | https://edge.sitecorecloud.io/encompasshee178-encompasshed9db-prodb258-07da/media/Project/EncompassHealth/encompasshealth/Files/1-price-transparency/262414472_Encompass-Health-Rehabilitation-Hospital-of-Vineland_standardcharges.csv | https://edge.sitecorecloud.io/encompasshee178-encompasshed9db-prodb258-07da/media/Project/EncompassHealth/encompasshealth/Files/1-price-transparency/260518706_Encompass-Health-Rehabilitation-Hospital-Vision-Park_standardcharges.csv | https://edge.sitecorecloud.io/encompasshee178-encompasshed9db-prodb258-07da/media/Project/EncompassHealth/encompasshealth/Files/1-price-transparency/844256550_Encompass-Health-Rehabilitation-Hospital-of-Waco_standardcharges.csv | https://edge.sitecorecloud.io/encompasshee178-encompasshed9db-prodb258-07da/media/Project/EncompassHealth/encompasshealth/Files/1-price-transparency/251652127_Encompass-Health-Rehabilitation-Hospital-a-partner-of-Washington-Regional_standardcharges.csv | https://edge.sitecorecloud.io/encompasshee178-encompasshed9db-prodb258-07da/media/Project/EncompassHealth/encompasshealth/Files/1-price-transparency/475297151_West-Tennessee-Healthcare-Rehabilitation-Hospital-Cane-Creek-a-partnership-with-Encompass-Health_standardcharges.csv | https://edge.sitecorecloud.io/encompasshee178-encompasshed9db-prodb258-07da/media/Project/EncompassHealth/encompasshealth/Files/1-price-transparency/832802172_Encompass-Health-Rehabilitation-Hospital-of-Irmo_standardcharges.csv | https://edge.sitecorecloud.io/encompasshee178-encompasshed9db-prodb258-07da/media/Project/EncompassHealth/encompasshealth/Files/1-price-transparency/475297151_West-Tennessee-Healthcare-Rehabilitation-Hospital-Jackson-a-partnership-with-Encompass-Health_standardcharges.csv | https://edge.sitecorecloud.io/encompasshee178-encompasshed9db-prodb258-07da/media/Project/EncompassHealth/encompasshealth/Files/1-price-transparency/042987822_Encompass-Health-Rehabilitation-Hospital-of-Western-Massachusetts_standardcharges.csv | https://edge.sitecorecloud.io/encompasshee178-encompasshed9db-prodb258-07da/media/Project/EncompassHealth/encompasshealth/Files/1-price-transparency/251664933_Encompass-Health-Rehabilitation-Hospital-of-Wichita-Falls_standardcharges.csv | https://edge.sitecorecloud.io/encompasshee178-encompasshed9db-prodb258-07da/media/Project/EncompassHealth/encompasshealth/Files/1-price-transparency/631105925_Encompass-Health-Rehabilitation-Hospital-of-York_standardcharges.csv | https://edge.sitecorecloud.io/encompasshee178-encompasshed9db-prodb258-07da/media/Project/EncompassHealth/encompasshealth/Files/1-price-transparency/943427408_Yuma-Rehabilitation-Hospital-an-affiliation-of-Encompass-Health-and-Yuma-Regional-Medical-Center_standardcharges.csv,,"ANMED ENCOMPASS HEALTH REHABILITATION HOSPITAL, LLC"
31,https://www.firelands.com/,,FALSE,0,0,,beacon not reachable at any candidate root,FIRELANDS REGIONAL MEDICAL CENTER
32,https://healthcare.ascension.org/,https://healthcare.ascension.org/cms-hpt.txt,TRUE,78,77,https://healthcare.ascension.org/-/media/project/ascension/healthcare/price-transparency-files/fl-csv/590634434_sacred-heart-health-system-inc_standardcharges.csv | https://healthcare.ascension.org/-/media/project/ascension/healthcare/price-transparency-files/fl-csv/721529708_sacred-heart-health-system-inc_standardcharges.csv | https://healthcare.ascension.org/-/media/project/ascension/healthcare/price-transparency-files/fl-csv/300577249_sacred-heart-health-system-inc_standardcharges.csv | https://healthcare.ascension.org/-/media/project/ascension/healthcare/price-transparency-files/fl-csv/900799724_bay-county-health-system-llc_standardcharges.csv | https://healthcare.ascension.org/-/media/project/ascension/healthcare/price-transparency-files/fl-csv/593650609_st-vincents-health-system-inc_standardcharges.csv | https://healthcare.ascension.org/-/media/project/ascension/healthcare/price-transparency-files/fl-csv/590624449_st-vincents-medical-center-inc_standardcharges.csv | https://healthcare.ascension.org/-/media/project/ascension/healthcare/price-transparency-files/fl-csv/461523194_united-states-catholic-conference-st-vincents-medical-center-clay-county-inc_standardcharges.csv | https://healthcare.ascension.org/-/media/project/ascension/healthcare/price-transparency-files/fl-csv/260479484_st-lukes-st-vincents-healthcare-inc_standardcharges.csv | https://healthcare.ascension.org/-/media/project/ascension/healthcare/price-transparency-files/il-csv/364251848_alexian-brothers-behavioral-health-hospital_standardcharges.csv | https://healthcare.ascension.org/-/media/project/ascension/healthcare/price-transparency-files/il-csv/362596381_alexian-brothers-medical-center_standardcharges.csv | https://healthcare.ascension.org/-/media/project/ascension/healthcare/price-transparency-files/il-csv/364251846_st-alexius-medical-center_standardcharges.csv | https://healthcare.ascension.org/-/media/project/ascension/healthcare/price-transparency-files/il-csv/362235165_presence-chicago-hospitals-network_standardcharges.csv | https://healthcare.ascension.org/-/media/project/ascension/healthcare/price-transparency-files/in-csv/350869066_st-vincent-hospital-and-health-care-center-inc_standardcharges.csv | https://healthcare.ascension.org/-/media/project/ascension/healthcare/price-transparency-files/in-csv/350992717_st-joseph-hospital-and-health-center-inc_standardcharges.csv | https://healthcare.ascension.org/-/media/project/ascension/healthcare/price-transparency-files/in-csv/743107055_st-vincent-carmel-hospital-inc_standardcharges.csv | https://healthcare.ascension.org/-/media/project/ascension/healthcare/price-transparency-files/in-csv/320014795_carmel-ambulatory-surgery-center-llc_standardcharges.csv | https://healthcare.ascension.org/-/media/project/ascension/healthcare/price-transparency-files/in-csv/320029881_endoscopy-center-llc_standardcharges.csv | https://healthcare.ascension.org/-/media/project/ascension/healthcare/price-transparency-files/in-csv/351712001_st-vincent-seton-specialty-hospital-inc_standardcharges.csv | https://healthcare.ascension.org/-/media/project/ascension/healthcare/price-transparency-files/in-csv/350869065_st-marys-health-inc_standardcharges.csv | https://healthcare.ascension.org/-/media/project/ascension/healthcare/price-transparency-files/in-csv/270847538_st-vincent-salem-hospital-inc_standardcharges.csv | https://healthcare.ascension.org/-/media/project/ascension/healthcare/price-transparency-files/in-csv/352103153_st-vincent-randolph-hospital-inc_standardcharges.csv | https://healthcare.ascension.org/-/media/project/ascension/healthcare/price-transparency-files/in-csv/351841606_st-vincent-jennings-hospital-inc_standardcharges.csv | https://healthcare.ascension.org/-/media/project/ascension/healthcare/price-transparency-files/in-csv/454243702_st-vincent-fishers-hospital-inc_standardcharges.csv | https://healthcare.ascension.org/-/media/project/ascension/healthcare/price-transparency-files/in-csv/352112529_st-vincent-clay-hospital-inc_standardcharges.csv | https://healthcare.ascension.org/-/media/project/ascension/healthcare/price-transparency-files/in-csv/350876389_st-vincent-madison-county-health-system-inc_standardcharges.csv | https://healthcare.ascension.org/-/media/project/ascension/healthcare/price-transparency-files/in-csv/350784551_st-vincent-williamsport-hospital-inc_standardcharges.csv | https://healthcare.ascension.org/-/media/project/ascension/healthcare/price-transparency-files/in-csv/351343019_st-marys-warrick-hospital-inc_standardcharges.csv | https://healthcare.ascension.org/-/media/project/ascension/healthcare/price-transparency-files/in-csv/460877261_st-vincent-anderson-regional-hospital-inc_standardcharges.csv | https://healthcare.ascension.org/-/media/project/ascension/healthcare/price-transparency-files/in-csv/364492612_st-vincent-heart-center-of-indiana-llc_standardcharges.csv | https://healthcare.ascension.org/-/media/project/ascension/healthcare/price-transparency-files/in-csv/351991390_naab-road-surgery-center-llc_standardcharges.csv | https://healthcare.ascension.org/-/media/project/ascension/healthcare/price-transparency-files/ks-csv/481186704_ascension-via-christi-hospital-manhattan-inc_standardcharges.csv | https://healthcare.ascension.org/-/media/project/ascension/healthcare/price-transparency-files/ks-csv/271965272_ascension-via-christi-hospital-wichita-st-teresa-inc_standardcharges.csv | https://healthcare.ascension.org/-/media/project/ascension/healthcare/price-transparency-files/ks-csv/481172106_ascension-via-christi-hospitals-wichita-inc_standardcharges.csv | https://healthcare.ascension.org/-/media/project/ascension/healthcare/price-transparency-files/ks-csv/481158274_ascension-via-christi-rehabilitation-hospital-inc_standardcharges.csv | https://healthcare.ascension.org/-/media/project/ascension/healthcare/price-transparency-files/ks-csv/721526400_wamego-hospital-association_standardcharges.csv | https://healthcare.ascension.org/-/media/project/ascension/healthcare/price-transparency-files/md-csv/520591657_st-agnes-healthcare-inc_standardcharges.csv | https://healthcare.ascension.org/-/media/project/ascension/healthcare/price-transparency-files/ok-csv/730579286_st-john-medical-center-inc_standardcharges.csv | https://healthcare.ascension.org/-/media/project/ascension/healthcare/price-transparency-files/ok-csv/383833117_st-john-broken-arrow-inc_standardcharges.csv | https://healthcare.ascension.org/-/media/project/ascension/healthcare/price-transparency-files/ok-csv/203700131_owasso-medical-facility-inc_standardcharges.csv | https://healthcare.ascension.org/-/media/project/ascension/healthcare/price-transparency-files/ok-csv/730606129_jane-phillips-memorial-medical-center-inc_standardcharges.csv | https://healthcare.ascension.org/-/media/project/ascension/healthcare/price-transparency-files/ok-csv/731440267_jane-phillips-nowata-hospital-inc_standardcharges.csv | https://healthcare.ascension.org/-/media/project/ascension/healthcare/price-transparency-files/ok-csv/730662663_st-john-sapulpa-inc_standardcharges.csv | https://healthcare.ascension.org/-/media/project/ascension/healthcare/price-transparency-files/ok-csv/3838331171497988596stjohnbrokenarrowincstandardcharges.csv | https://healthcare.ascension.org/-/media/project/ascension/healthcare/price-transparency-files/tn-csv/261861676_humphreys-county-community-health-services-inc_standardcharges.csv | https://healthcare.ascension.org/-/media/project/ascension/healthcare/price-transparency-files/tn-csv/474063289_saint-thomas-dekalb-hospital-llc-_standardcharges.csv | https://healthcare.ascension.org/-/media/project/ascension/healthcare/price-transparency-files/tn-csv/581737573_saint-thomas-hickman-hospital_standardcharges.csv | https://healthcare.ascension.org/-/media/project/ascension/healthcare/price-transparency-files/tn-csv/474063406_saint-thomas-highlands-hospital-llc-_standardcharges.csv | https://healthcare.ascension.org/-/media/project/ascension/healthcare/price-transparency-files/tn-csv/474063149_saint-thomas-river-park-hospital-llc_standardcharges.csv | https://healthcare.ascension.org/-/media/project/ascension/healthcare/price-transparency-files/tn-csv/620475842_saint-thomas-rutherford-hospital_standardcharges.csv | https://healthcare.ascension.org/-/media/project/ascension/healthcare/price-transparency-files/tn-csv/474063232_saint-thomas-stones-river-hospital-llc_standardcharges.csv | https://healthcare.ascension.org/-/media/project/ascension/healthcare/price-transparency-files/tn-csv/620347580-1629025648_saint-thomas-west-hospital_standardcharges.csv | https://healthcare.ascension.org/-/media/project/ascension/healthcare/price-transparency-files/tn-csv/620347580-1780778969_saint-thomas-west-hospital_standardcharges.csv | https://healthcare.ascension.org/-/media/project/ascension/healthcare/price-transparency-files/tx-csv/203904667_cedar-park-regional-medical-center_standardcharges.csv | https://healthcare.ascension.org/-/media/project/ascension/healthcare/price-transparency-files/tx-csv/741109643-1356446686_ascension-seton_standardcharges.csv | https://healthcare.ascension.org/-/media/project/ascension/healthcare/price-transparency-files/tx-csv/741109643-1619115383_ascension-seton_standardcharges.csv | https://healthcare.ascension.org/-/media/project/ascension/healthcare/price-transparency-files/tx-csv/741109643-1003833013_ascension-seton_standardcharges.csv | https://healthcare.ascension.org/-/media/project/ascension/healthcare/price-transparency-files/tx-csv/741109643-1164526786_ascension-seton_standardcharges.csv | https://healthcare.ascension.org/-/media/project/ascension/healthcare/price-transparency-files/tx-csv/741109643-1124137054_ascension-seton_standardcharges.csv | https://healthcare.ascension.org/-/media/project/ascension/healthcare/price-transparency-files/tx-csv/741109643-1154612638_ascension-seton_standardcharges.csv | https://healthcare.ascension.org/-/media/project/ascension/healthcare/price-transparency-files/tx-csv/741109643-1750499273_ascension-seton_standardcharges.csv | https://healthcare.ascension.org/-/media/project/ascension/healthcare/price-transparency-files/tx-csv/741109643-1578780870_ascension-seton_standardcharges.csv | https://healthcare.ascension.org/-/media/project/ascension/healthcare/price-transparency-files/tx-csv/741109643-1447355771_ascension-seton_standardcharges.csv | https://healthcare.ascension.org/-/media/project/ascension/healthcare/price-transparency-files/tx-csv/741109643-1093810327_ascension-seton_standardcharges.csv | https://healthcare.ascension.org/-/media/project/ascension/healthcare/price-transparency-files/tx-csv/741109636_ascension-providence_standardcharges.csv | https://healthcare.ascension.org/-/media/project/ascension/healthcare/price-transparency-files/wi-csv/391264986_ascension-all-saints-hospital-inc_standardcharges.csv | https://healthcare.ascension.org/-/media/project/ascension/healthcare/price-transparency-files/wi-csv/390905385_ascension-calumet-hospital-inc_standardcharges.csv | https://healthcare.ascension.org/-/media/project/ascension/healthcare/price-transparency-files/wi-csv/390816818-1407803638_ascension-ne-wisconsin-inc-fka-st-elizabeth-hospital-inc_standardcharges.csv | https://healthcare.ascension.org/-/media/project/ascension/healthcare/price-transparency-files/wi-csv/390816818-1912527193_ascension-ne-wisconsin-inc-fka-st-elizabeth-hospital-inc_standardcharges.csv | https://healthcare.ascension.org/-/media/project/ascension/healthcare/price-transparency-files/wi-csv/390816857-1427007384_ascension-se-wisconsin-hospital-inc-st-joseph_standardcharges.csv | https://healthcare.ascension.org/-/media/project/ascension/healthcare/price-transparency-files/wi-csv/390816857-1427007384_ascension-se-wisconsin-hospital-inc-elmbroook_standardcharges.csv | https://healthcare.ascension.org/-/media/project/ascension/healthcare/price-transparency-files/wi-csv/390816857-1427007384_ascension-se-wisconsin-hospital-inc-franklin_standardcharges.csv | https://healthcare.ascension.org/-/media/project/ascension/healthcare/price-transparency-files/wi-csv/390907740_ascension-st-francis-hospital-inc_standardcharges.csv | https://healthcare.ascension.org/-/media/project/ascension/healthcare/price-transparency-files/wi-csv/562592868_wheaton-franciscan-healthcare-franklin-inc_standardcharges.csv | https://healthcare.ascension.org/-/media/project/ascension/healthcare/price-transparency-files/wi-csv/390806315_columbia-st-marys-hospital-milwaukee-inc_standardcharges.csv | https://healthcare.ascension.org/-/media/project/ascension/healthcare/price-transparency-files/wi-csv/390807063_columbia-st-marys-hospital-ozaukee-inc_standardcharges.csv | https://healthcare.ascension.org/-/media/project/ascension/healthcare/price-transparency-files/wi-csv/392015655_orthopaedic-hospital-of-wisconsin-llc_standardcharges.csv | https://healthcare.ascension.org/-/media/project/ascension/healthcare/price-transparency-files/wi-csv/390902199_sacred-heart-rehabilitation-institute-inc_standardcharges.csv,,ST VINCENT HEART CENTER OF INDIANA LLC
33,https://texasneurorehab.com/,https://texasneurorehab.com/cms-hpt.txt,TRUE,2,1,https://uhsfilecdn.eskycity.net/bh/562274069_texas-neuro-bh-medical_standardcharges.csv,,NEURO INSTITUTE OF AUSTIN LP
34,https://www.bronsonhealth.com/,,FALSE,0,0,,beacon not reachable at any candidate root,BRONSON METHODIST HOSPITAL
35,https://www.northside.com/,https://www.northside.com/cms-hpt.txt,TRUE,6,5,https://assets.northside.com/price-transparency/581954432-1457396079_northside-hospital-inc_standardcharges.json | https://assets.northside.com/price-transparency/581954432-1225050396_northside-hospital-inc_standardcharges.json | https://assets.northside.com/price-transparency/581954432-1790715381_northside-hospital-inc_standardcharges.json | https://assets.northside.com/price-transparency/581954432-1376574277_northside-hospital-inc_standardcharges.json | https://assets.northside.com/price-transparency/581954432-1952340994_northside-hospital-inc_standardcharges.json,,NORTHSIDE HOSPITAL INC
36,https://www.conehealth.com/,,FALSE,0,0,,beacon not reachable at any candidate root,THE MOSES H. CONE MEMORIAL HOSPITAL OPERATING CORPORATION
37,https://www.uvmhealth.org/,https://www.uvmhealth.org/cms-hpt.txt,TRUE,7,6,https://www.uvmhealth.org/sites/default/files/150346515_alice-hyde-medical-center_standardcharges.csv | https://www.uvmhealth.org/sites/default/files/222547186_central-vermont-medical-center-inc_standardcharges.csv | https://www.uvmhealth.org/sites/default/files/141338471_champlain-valley-physicians-hospital-medical-center_standardcharges.csv | https://www.uvmhealth.org/sites/default/files/141364513_elizabethtown-community-hospital_standardcharges.csv | https://www.uvmhealth.org/sites/default/files/030181058_porter-hospital-inc_standardcharges.csv | https://www.uvmhealth.org/sites/default/files/030219309_university-of-vermont-medical-center-inc_standardcharges.csv,,UNIVERSITY OF VERMONT MEDICAL CENTER INC
38,https://www.tristarhealth.com/,https://www.tristarhealth.com/cms-hpt.txt,TRUE,11,10,https://stctrprodsnsvc00455826e6.blob.core.windows.net/pt-final-posting-files/62-1113737_TRISTAR-ASHLAND-CITY-MEDICAL-CENTER_standardcharges.json?si=pt-json-access-policy&spr=https&sv=2024-11-04&sr=c&sig=o5IofreS%2F7ETlsnhPakPWCwHVVUZRobywQ5wUKGjVuQ%3D | https://stctrprodsnsvc00455826e6.blob.core.windows.net/pt-final-posting-files/62-1113737_TRISTAR-CENTENNIAL-MEDICAL-CENTER_standardcharges.json?si=dpx-pt-json-access-policy&spr=https&sv=2024-11-04&sr=c&sig=vdmkLz8lCE1qb%2BnsaFfL8tcI7Gg6B%2B3s%2Fny3TPZ1kqs%3D | https://stctrprodsnsvc00455826e6.blob.core.windows.net/pt-final-posting-files/61-0724492_TRISTAR-GREENVIEW-REGIONAL-HOSPITAL_standardcharges.json?si=pt-json-access-policy&spr=https&sv=2024-11-04&sr=c&sig=o5IofreS%2F7ETlsnhPakPWCwHVVUZRobywQ5wUKGjVuQ%3D | https://stctrprodsnsvc00455826e6.blob.core.windows.net/pt-final-posting-files/62-1321255_TRISTAR-HENDERSONVILLE-MEDICAL-CENTER_standardcharges.json?si=pt-json-access-policy&spr=https&sv=2024-11-04&sr=c&sig=o5IofreS%2F7ETlsnhPakPWCwHVVUZRobywQ5wUKGjVuQ%3D | https://stctrprodsnsvc00455826e6.blob.core.windows.net/pt-final-posting-files/62-1620866_TRISTAR-HORIZON-MEDICAL-CENTER_standardcharges.json?si=pt-json-access-policy&spr=https&sv=2024-11-04&sr=c&sig=o5IofreS%2F7ETlsnhPakPWCwHVVUZRobywQ5wUKGjVuQ%3D | https://stctrprodsnsvc00455826e6.blob.core.windows.net/pt-final-posting-files/85-4366763_TRISTAR-NORTHCREST-MEDICAL-CENTER_standardcharges.json?si=pt-json-access-policy&spr=https&sv=2024-11-04&sr=c&sig=o5IofreS%2F7ETlsnhPakPWCwHVVUZRobywQ5wUKGjVuQ%3D | https://stctrprodsnsvc00455826e6.blob.core.windows.net/pt-final-posting-files/62-1560757_TRISTAR-SKYLINE-MEDICAL-CENTER_standardcharges.json?si=pt-json-access-policy&spr=https&sv=2024-11-04&sr=c&sig=o5IofreS%2F7ETlsnhPakPWCwHVVUZRobywQ5wUKGjVuQ%3D | https://stctrprodsnsvc00455826e6.blob.core.windows.net/pt-final-posting-files/62-1113737_TRISTAR-SOUTHERN-HILLS-MEDICAL-CENTER_standardcharges.json?si=pt-json-access-policy&spr=https&sv=2024-11-04&sr=c&sig=o5IofreS%2F7ETlsnhPakPWCwHVVUZRobywQ5wUKGjVuQ%3D | https://stctrprodsnsvc00455826e6.blob.core.windows.net/pt-final-posting-files/62-1113737_TRISTAR-STONECREST-MEDICAL-CENTER_standardcharges.json?si=pt-json-access-policy&spr=https&sv=2024-11-04&sr=c&sig=o5IofreS%2F7ETlsnhPakPWCwHVVUZRobywQ5wUKGjVuQ%3D | https://stctrprodsnsvc00455826e6.blob.core.windows.net/pt-final-posting-files/62-1113737_TRISTAR-SUMMIT-MEDICAL-CENTER_standardcharges.json?si=pt-json-access-policy&spr=https&sv=2024-11-04&sr=c&sig=o5IofreS%2F7ETlsnhPakPWCwHVVUZRobywQ5wUKGjVuQ%3D,,HTI MEMORIAL HOSPITAL CORPORATION
39,https://intermountainhealthcare.org/,https://intermountainhealthcare.org/cms-hpt.txt,TRUE,66,33,https://intermountainhealthcare.org/-/media/files/intermountain-health/locations/hospital-prices/942854057_alta-view-hospital_standardcharges.ashx | https://intermountainhealthcare.org/-/media/files/intermountain-health/locations/hospital-prices/942854057_american-fork-hospital_standardcharges.ashx | https://intermountainhealthcare.org/-/media/files/intermountain-health/locations/hospital-prices/942854057_bear-river-valley-hospital_standardcharges.ashx | https://intermountainhealthcare.org/-/media/files/intermountain-health/locations/hospital-prices/942854057_cassia-regional-hospital_standardcharges.ashx | https://intermountainhealthcare.org/-/media/files/intermountain-health/locations/hospital-prices/942854057_cedar-city-hospital_standardcharges.ashx | https://intermountainhealthcare.org/-/media/files/intermountain-health/locations/hospital-prices/942854057_delta-community-hospital_standardcharges.ashx | https://intermountainhealthcare.org/-/media/files/intermountain-health/locations/hospital-prices/942854057_fillmore-community-hospital_standardcharges.ashx | https://intermountainhealthcare.org/-/media/files/intermountain-health/locations/hospital-prices/942854057_garfield-memorial-hospital_standardcharges.ashx | https://intermountainhealthcare.org/sc10media/files/intermountain-health/locations/hospital-prices/431982139_good-samaritan-medical-center_standardcharges.ashx | https://intermountainhealthcare.org/-/media/files/intermountain-health/locations/hospital-prices/942854057_heber-valley-hospital_standardcharges.ashx | https://intermountainhealthcare.org/sc10media/files/intermountain-health/locations/hospital-prices/810231792_holy-rosary-healthcare_standardcharges.ashx | https://intermountainhealthcare.org/-/media/files/intermountain-health/locations/hospital-prices/942854057_intermountain-medical-center_standardcharges.ashx | https://intermountainhealthcare.org/-/media/files/intermountain-health/locations/hospital-prices/942854057_layton-hospital_standardcharges.ashx | https://intermountainhealthcare.org/-/media/files/intermountain-health/locations/hospital-prices/942854057_logan-regional-hospital_standardcharges.ashx | https://intermountainhealthcare.org/sc10media/files/intermountain-health/locations/hospital-prices/841103606_lutheran-medical-center_standardcharges.ashx | https://intermountainhealthcare.org/-/media/files/intermountain-health/locations/hospital-prices/942854057_lds-hospital_standardcharges.ashx | https://intermountainhealthcare.org/-/media/files/intermountain-health/locations/hospital-prices/942854057_mckaydee-hospital-center_standardcharges.ashx | https://intermountainhealthcare.org/-/media/files/intermountain-health/locations/hospital-prices/942854057_orem-community-hospital_standardcharges.ashx | https://intermountainhealthcare.org/-/media/files/intermountain-health/locations/hospital-prices/942854057_park-city-hospital_standardcharges.ashx | https://intermountainhealthcare.org/sc10media/files/intermountain-health/locations/hospital-prices/840482695_platte-valley-medical-center_standardcharges.ashx | https://intermountainhealthcare.org/-/media/files/intermountain-health/locations/hospital-prices/942854057_primary-childrens-hospital_lehi_standardcharges.ashx | https://intermountainhealthcare.org/-/media/files/intermountain-health/locations/hospital-prices/942854057_primary-childrens-hospital_standardcharges.ashx | https://intermountainhealthcare.org/-/media/files/intermountain-health/locations/hospital-prices/942854057_primary-childrens-hospital_taylorsville_standardcharges.ashx | https://intermountainhealthcare.org/-/media/files/intermountain-health/locations/hospital-prices/942854057_riverton-hospital_standardcharges.ashx | https://intermountainhealthcare.org/-/media/files/intermountain-health/locations/hospital-prices/942854057_sanpete-valley-hospital_standardcharges.ashx | https://intermountainhealthcare.org/-/media/files/intermountain-health/locations/hospital-prices/942854057_sevier-valley-hospital_standardcharges.ashx | https://intermountainhealthcare.org/-/media/files/intermountain-health/locations/hospital-prices/942854057_st-george-regional-hospital_standardcharges.ashx | https://intermountainhealthcare.org/sc10media/files/intermountain-health/locations/hospital-prices/810231785_st-james-healthcare_standardcharges.ashx | https://intermountainhealthcare.org/sc10media/files/intermountain-health/locations/hospital-prices/840417134_saint-joseph-hospital_standardcharges.ashx | https://intermountainhealthcare.org/-/media/files/intermountain-health/locations/hospital-prices/942854057_spanish-fork-hospital_standardcharges.ashx | https://intermountainhealthcare.org/sc10media/files/intermountain-health/locations/hospital-prices/840425720_st-marys-medical-center_standardcharges.ashx | https://intermountainhealthcare.org/sc10media/files/intermountain-health/locations/hospital-prices/810232124_st-vincent-healthcare_standardcharges.ashx | https://intermountainhealthcare.org/-/media/files/intermountain-health/locations/hospital-prices/942854057_utah-valley-hospital_standardcharges.ashx,,IHC HEALTH SERVICES INC
40,https://www.catawbavalleyhealth.org/,https://www.catawbavalleyhealth.org/cms-hpt.txt,TRUE,2,1,https://secure.claraprice.net/price-transparency/KNAL-1701801986440/machine-readable/560789196_catawba-valley-health-system_standardcharges.json,,CATAWBA VALLEY MEDICAL CENTER
41,https://memorialhermannfirstcolony.com/,https://memorialhermannfirstcolony.com/cms-hpt.txt,TRUE,2,1,https://mrfs.hyvehealthcare.com/USPI/352167462_memorial-herman-surgical-hospital-first-colony_standardcharges.json,,"MEMORIAL HERMANN SUGAR LAND SURGICAL HOSPITAL, LLP"
42,https://www.mountainviewhospital.org/,https://www.mountainviewhospital.org/cms-hpt.txt,TRUE,2,0,,"beacon found, no MRF-looking links",MOUNTAIN VIEW HOSPITAL LLC
43,https://www.wth.org/,https://www.wth.org/cms-hpt.txt,TRUE,9,8,https://www.wth.org/wp-content/uploads/standard-charges/58-1884314_CH_Standard_Charges.csv | https://www.wth.org/wp-content/uploads/standard-charges/62-1604972_Pathways_Standard_Charges.csv | https://www.wth.org/wp-content/uploads/standard-charges/62-1624171_BH_Standard_Charges.csv | https://www.wth.org/wp-content/uploads/standard-charges/62-1753289_MH_Standard_Charges.csv | https://www.wth.org/wp-content/uploads/standard-charges/62-6010402_JH_standard_Charges.csv | https://www.wth.org/wp-content/uploads/standard-charges/82-5179383_DH_Standard_Charges.csv | https://www.wth.org/wp-content/uploads/standard-charges/82-5187448_VH_Standard_Charges.csv | https://www.wth.org/wp-content/uploads/standard-charges/99-4256908-HCH-Standard-Charges.csv,,"MILAN GENERAL HOSPITAL, INC."
44,https://iuhealth.org/,,FALSE,0,0,,beacon not reachable at any candidate root,INDIANA UNIVERSITY HEALTH INC
45,https://www.communitymedical.org/home,https://www.communitymedical.org/cms-hpt.txt,TRUE,8,4,https://sthpiprd.blob.core.windows.net/machine-readable-files/8229/941156276-1316027709_fresno-community-hospital-and-medical-center_standardcharges.csv | https://sthpiprd.blob.core.windows.net/machine-readable-files/8231/941156276-1104906569_fresno-community-hospital-and-medical-center_standardcharges.csv | https://sthpiprd.blob.core.windows.net/machine-readable-files/8178/941156276-1104906569_fresno-community-hospital-and-medical-center_standardcharges.csv | https://sthpiprd.blob.core.windows.net/machine-readable-files/8230/941156276-1104906569_fresno-community-hospital-and-medical-center_standardcharges.csv,,FRESNO COMMUNITY HOSPITAL AND MEDICAL CENTER
46,https://chimercyhealth.com/,https://chimercyhealth.com/cms-hpt.txt,TRUE,2,1,https://price.chimercyhealth.org/930386868-1477590198_commonspirit-oregon_standardcharges.json,,"MERCY MEDICAL CENTER, INC."
47,https://www.tchealth.org/home2.html,https://www.tchealth.org/cms-hpt.txt,TRUE,0,0,,"beacon found, no MRF-looking links",TUBA CITY REGIONAL HEALTH CARE CORPORATION
48,https://www.peacehealth.org,https://www.peacehealth.org/cms-hpt.txt,TRUE,10,0,,"beacon found, no MRF-looking links",PEACEHEALTH
49,https://www.virtua.org/,https://www.virtua.org/cms-hpt.txt,TRUE,6,5,https://www.virtua.org/-/media/Project/Virtua-Tenant/Virtua/PDFs/Hospital-Charges-June-2026/210634532_Virtua-West-Jersey-Health-System-Inc_standardcharges.csv | https://www.virtua.org/-/media/Project/Virtua-Tenant/Virtua/PDFs/Hospital-Charges-June-2026/210634532_Virtua-West-Jersey-Health-System_standardcharges.csv | https://www.virtua.org/-/media/Project/Virtua-Tenant/Virtua/PDFs/Hospital-Charges-June-2026/210634562_virtua-memorial-hospital-burlington-county-inc_standardcharges.csv | https://www.virtua.org/-/media/Project/Virtua-Tenant/Virtua/PDFs/Hospital-Charges-June-2026/210635001_virtua-our-lady-of-lourdes-hospital-inc_standardcharges.csv | https://www.virtua.org/-/media/Project/Virtua-Tenant/Virtua/PDFs/Hospital-Charges-June-2026/223612265_Virtua-Willingboro-Hospital-Inc_standardcharges.csv,,VIRTUA WILLINGBORO HOSPITAL INC
50,https://www.lmh.org/,,FALSE,0,0,,beacon not reachable at any candidate root,LAWRENCE MEMORIAL HOSPITAL
